{
  "type": "FeatureCollection",
  "name": "vectorized_parcels",
  "crs": {
    "type": "name",
    "properties": {
      "name": "urn:ogc:def:crs:OGC:1.3:CRS84"
    }
  },
  "features": [
    {
      "type": "Feature",
      "properties": {
        "parcel_id": "P0001",
        "crop_code": 2,
        "crop_name": "冬小麦",
        "province": "全国重要农区",
        "agri_zone": "全国重要农作物优势聚集片区",
        "area_tier": "规范规整农田区 (<10万亩)",
        "area_mu": 643.96,
        "area_ha": 42.9304,
        "area_m2": 429303.9,
        "perimeter_m": 2431.7,
        "compactness": 0.912,
        "machinery_suitability": "优 (规整适机)",
        "dominant_purity": 1.0,
        "mean_confidence": 1.0,
        "center_lon": 43.5310885,
        "center_lat": 34.6236025,
        "center_utm_x": 365343.23,
        "center_utm_y": 3832284.19
      },
      "geometry": {
        "type": "Polygon",
        "coordinates": [
          [
            [43.5305171, 34.6273593],
            [43.5301129, 34.6272919],
            [43.5301129, 34.6271571],
            [43.5299108, 34.6270898],
            [43.5295065, 34.6270898],
            [43.5293044, 34.6270224],
            [43.5293044, 34.6268876],
            [43.5291696, 34.6268203],
            [43.5289002, 34.6268203],
            [43.5287654, 34.6252033],
            [43.5287654, 34.6219694],
            [43.5288328, 34.6203524],
            [43.5289675, 34.6203524],
            [43.5290349, 34.620285],
            [43.5290349, 34.6201503],
            [43.529237, 34.6200829],
            [43.5296413, 34.6200829],
            [43.5298434, 34.6200155],
            [43.5298434, 34.6198808],
            [43.530315, 34.6198134],
            [43.5312582, 34.6198134],
            [43.5317298, 34.6198808],
            [43.5317298, 34.6200155],
            [43.531932, 34.6200829],
            [43.5323362, 34.6200829],
            [43.5325383, 34.6201503],
            [43.5325383, 34.620285],
            [43.5326731, 34.6203524],
            [43.5329426, 34.6203524],
            [43.5330773, 34.6204198],
            [43.5330773, 34.6205545],
            [43.5332121, 34.6206219],
            [43.5334816, 34.6206219],
            [43.5336163, 34.6206893],
            [43.5336163, 34.620824],
            [43.5336837, 34.6208914],
            [43.5338184, 34.6208914],
            [43.5338858, 34.6210261],
            [43.5338858, 34.6212956],
            [43.5339532, 34.6214304],
            [43.5340879, 34.6214304],
            [43.5341553, 34.6219694],
            [43.5341553, 34.6230473],
            [43.5340879, 34.6235863],
            [43.5339532, 34.6235863],
            [43.5338858, 34.6238558],
            [43.5338858, 34.6243948],
            [43.5338184, 34.6246643],
            [43.5336837, 34.6246643],
            [43.5336163, 34.6248664],
            [43.5336163, 34.6252707],
            [43.5334816, 34.6255402],
            [43.5332121, 34.6256749],
            [43.5330773, 34.625877],
            [43.5330773, 34.6261465],
            [43.5329426, 34.6263487],
            [43.5326731, 34.6264834],
            [43.5325383, 34.6266181],
            [43.5325383, 34.6267529],
            [43.532471, 34.6268203],
            [43.5323362, 34.6268203],
            [43.5322688, 34.6268876],
            [43.5322688, 34.6270224],
            [43.5321341, 34.6270898],
            [43.5318646, 34.6270898],
            [43.5317298, 34.6271571],
            [43.5317298, 34.6272919],
            [43.5313256, 34.6273593],
            [43.5305171, 34.6273593]
          ]
        ]
      }
    },
    {
      "type": "Feature",
      "properties": {
        "parcel_id": "P0002",
        "crop_code": 2,
        "crop_name": "冬小麦",
        "province": "全国重要农区",
        "agri_zone": "全国重要农作物优势聚集片区",
        "area_tier": "规范规整农田区 (<10万亩)",
        "area_mu": 621.01,
        "area_ha": 41.4004,
        "area_m2": 414003.8,
        "perimeter_m": 2329.0,
        "compactness": 0.959,
        "machinery_suitability": "优 (规整适机)",
        "dominant_purity": 1.0,
        "mean_confidence": 1.0,
        "center_lon": 43.6053369,
        "center_lat": 32.3937208,
        "center_utm_x": 368827.09,
        "center_utm_y": 3584933.42
      },
      "geometry": {
        "type": "Polygon",
        "coordinates": [
          [
            [43.6051671, 32.3967526],
            [43.6047629, 32.3966852],
            [43.6047629, 32.3965505],
            [43.6045608, 32.3964831],
            [43.6041565, 32.3964831],
            [43.6039544, 32.3964157],
            [43.6039544, 32.396281],
            [43.6038196, 32.3962136],
            [43.6035502, 32.3962136],
            [43.603348, 32.3960788],
            [43.6032133, 32.3958093],
            [43.6030785, 32.3956746],
            [43.6029438, 32.3956746],
            [43.6028764, 32.3956072],
            [43.6028764, 32.3954725],
            [43.602809, 32.3954051],
            [43.6026743, 32.3954051],
            [43.6026069, 32.3952704],
            [43.6026069, 32.3950009],
            [43.6025396, 32.3948661],
            [43.6024048, 32.3948661],
            [43.6023374, 32.394664],
            [43.6023374, 32.3942598],
            [43.6022701, 32.3940576],
            [43.6021353, 32.3940576],
            [43.6020679, 32.3937881],
            [43.6020679, 32.3932491],
            [43.6021353, 32.3929797],
            [43.6022701, 32.3929797],
            [43.6023374, 32.3927775],
            [43.6023374, 32.3923733],
            [43.6024048, 32.3921712],
            [43.6025396, 32.3921712],
            [43.6026069, 32.3920364],
            [43.6026069, 32.3917669],
            [43.6026743, 32.3916322],
            [43.602809, 32.3916322],
            [43.6029438, 32.3914974],
            [43.6030785, 32.3912279],
            [43.6032133, 32.3910932],
            [43.603348, 32.3910932],
            [43.6034154, 32.3910258],
            [43.6034154, 32.3908911],
            [43.6034828, 32.3908237],
            [43.6036175, 32.3908237],
            [43.6036849, 32.3907563],
            [43.6036849, 32.3906216],
            [43.6046281, 32.3905542],
            [43.6065146, 32.3905542],
            [43.6074578, 32.3907563],
            [43.6074578, 32.3911606],
            [43.6075252, 32.3913627],
            [43.6076599, 32.3913627],
            [43.6077947, 32.3914974],
            [43.6079294, 32.3917669],
            [43.6080642, 32.3919017],
            [43.6081989, 32.3919017],
            [43.6082663, 32.391969],
            [43.6082663, 32.3921038],
            [43.6083337, 32.3921712],
            [43.6084684, 32.3921712],
            [43.6085358, 32.3923733],
            [43.6085358, 32.3927775],
            [43.6086032, 32.3929797],
            [43.6087379, 32.3929797],
            [43.6088053, 32.3933839],
            [43.6088053, 32.3941924],
            [43.6087379, 32.3945966],
            [43.6086032, 32.3945966],
            [43.6085358, 32.3947987],
            [43.6085358, 32.395203],
            [43.6084011, 32.3954725],
            [43.6081316, 32.3956072],
            [43.6079968, 32.395742],
            [43.6079968, 32.3958767],
            [43.6079294, 32.3959441],
            [43.6077947, 32.3959441],
            [43.6077273, 32.3960115],
            [43.6077273, 32.3961462],
            [43.6075926, 32.3962136],
            [43.6073231, 32.3962136],
            [43.6071883, 32.396281],
            [43.6071883, 32.3964157],
            [43.6069862, 32.3964831],
            [43.606582, 32.3964831],
            [43.6063798, 32.3965505],
            [43.6063798, 32.3966852],
            [43.6059756, 32.3967526],
            [43.6051671, 32.3967526]
          ]
        ]
      }
    },
    {
      "type": "Feature",
      "properties": {
        "parcel_id": "P0003",
        "crop_code": 2,
        "crop_name": "冬小麦",
        "province": "全国重要农区",
        "agri_zone": "全国重要农作物优势聚集片区",
        "area_tier": "规范规整农田区 (<10万亩)",
        "area_mu": 538.65,
        "area_ha": 35.9103,
        "area_m2": 359103.3,
        "perimeter_m": 2163.4,
        "compactness": 0.964,
        "machinery_suitability": "优 (规整适机)",
        "dominant_purity": 1.0,
        "mean_confidence": 1.0,
        "center_lon": 43.6141305,
        "center_lat": 32.3951033,
        "center_utm_x": 369656.21,
        "center_utm_y": 3585075.93
      },
      "geometry": {
        "type": "Polygon",
        "coordinates": [
          [
            [43.6139931, 32.3978306],
            [43.6136562, 32.3977632],
            [43.6136562, 32.3976284],
            [43.6133867, 32.3975611],
            [43.6128477, 32.3975611],
            [43.6125782, 32.3974937],
            [43.6125782, 32.3973589],
            [43.6124435, 32.3972916],
            [43.612174, 32.3972916],
            [43.6119719, 32.3971568],
            [43.6118371, 32.3968873],
            [43.6117024, 32.3967526],
            [43.6115676, 32.3967526],
            [43.6115002, 32.3966178],
            [43.6115002, 32.3963483],
            [43.6114329, 32.3962136],
            [43.6112981, 32.3962136],
            [43.6111634, 32.3958093],
            [43.6110286, 32.3950009],
            [43.6110286, 32.3945966],
            [43.6111634, 32.3945966],
            [43.6112308, 32.3943945],
            [43.6112308, 32.3939903],
            [43.6112981, 32.3937881],
            [43.6114329, 32.3937881],
            [43.6115002, 32.3936534],
            [43.6115002, 32.3933839],
            [43.611635, 32.3931818],
            [43.6119045, 32.393047],
            [43.6120392, 32.3929123],
            [43.6120392, 32.3927775],
            [43.612174, 32.3927102],
            [43.6124435, 32.3927102],
            [43.6125782, 32.3926428],
            [43.6125782, 32.392508],
            [43.612713, 32.3924407],
            [43.6129825, 32.3924407],
            [43.6131172, 32.3923733],
            [43.6131172, 32.3922385],
            [43.6136562, 32.3921712],
            [43.6147342, 32.3921712],
            [43.6152732, 32.3922385],
            [43.6152732, 32.3923733],
            [43.6154753, 32.3924407],
            [43.6158795, 32.3924407],
            [43.6160817, 32.392508],
            [43.6160817, 32.3926428],
            [43.6162164, 32.3927102],
            [43.6164859, 32.3927102],
            [43.6166206, 32.3927775],
            [43.6166206, 32.3929123],
            [43.616688, 32.3929797],
            [43.6168228, 32.3929797],
            [43.6168901, 32.3931144],
            [43.6168901, 32.3933839],
            [43.6169575, 32.3935186],
            [43.6170923, 32.3935186],
            [43.6171596, 32.3936534],
            [43.6171596, 32.3939229],
            [43.617227, 32.3940576],
            [43.6173618, 32.3940576],
            [43.6174291, 32.3945292],
            [43.6174291, 32.3954725],
            [43.6173618, 32.3959441],
            [43.617227, 32.3959441],
            [43.6171596, 32.3960788],
            [43.6171596, 32.3963483],
            [43.6170923, 32.3964831],
            [43.6169575, 32.3964831],
            [43.6168901, 32.3966178],
            [43.6168901, 32.3968873],
            [43.6166206, 32.3970894],
            [43.6160817, 32.3972242],
            [43.6158122, 32.3973589],
            [43.6158122, 32.3974937],
            [43.61561, 32.3975611],
            [43.6152058, 32.3975611],
            [43.6150037, 32.3976284],
            [43.6150037, 32.3977632],
            [43.6146668, 32.3978306],
            [43.6139931, 32.3978306]
          ]
        ]
      }
    },
    {
      "type": "Feature",
      "properties": {
        "parcel_id": "P0004",
        "crop_code": 2,
        "crop_name": "冬小麦",
        "province": "全国重要农区",
        "agri_zone": "全国重要农作物优势聚集片区",
        "area_tier": "规范规整农田区 (<10万亩)",
        "area_mu": 504.9,
        "area_ha": 33.6603,
        "area_m2": 336603.1,
        "perimeter_m": 2696.1,
        "compactness": 0.582,
        "machinery_suitability": "优 (规整适机)",
        "dominant_purity": 1.0,
        "mean_confidence": 1.0,
        "center_lon": 43.5318457,
        "center_lat": 32.4872462,
        "center_utm_x": 362056.91,
        "center_utm_y": 3595394.72
      },
      "geometry": {
        "type": "Polygon",
        "coordinates": [
          [
            [43.5326731, 32.4902672],
            [43.5322688, 32.4901998],
            [43.5322688, 32.4900651],
            [43.5321341, 32.4899977],
            [43.5318646, 32.4899977],
            [43.5317298, 32.4899303],
            [43.5317298, 32.4897956],
            [43.5315951, 32.4897282],
            [43.5313256, 32.4897282],
            [43.5311909, 32.4896608],
            [43.5311909, 32.4895261],
            [43.5311235, 32.4894587],
            [43.5309887, 32.4894587],
            [43.5309214, 32.4891892],
            [43.5309214, 32.4886502],
            [43.530854, 32.4883807],
            [43.5307192, 32.4883807],
            [43.5306519, 32.4881786],
            [43.5306519, 32.4877744],
            [43.5305845, 32.4875723],
            [43.5304497, 32.4875723],
            [43.5303824, 32.4875049],
            [43.5303824, 32.4873701],
            [43.5302476, 32.4873028],
            [43.5299781, 32.4873028],
            [43.5298434, 32.4873701],
            [43.5298434, 32.4875049],
            [43.5295739, 32.4875723],
            [43.5290349, 32.4875723],
            [43.5287654, 32.4864269],
            [43.5287654, 32.4841362],
            [43.5289002, 32.4829908],
            [43.5291696, 32.4829908],
            [43.5293044, 32.4830582],
            [43.5293044, 32.483193],
            [43.5295065, 32.4832603],
            [43.5299108, 32.4832603],
            [43.5301129, 32.4833277],
            [43.5301129, 32.4834625],
            [43.5302476, 32.4835298],
            [43.5305171, 32.4835298],
            [43.5307192, 32.4836646],
            [43.530854, 32.4839341],
            [43.5309887, 32.4840688],
            [43.5311235, 32.4840688],
            [43.5311909, 32.4845404],
            [43.5311909, 32.4854837],
            [43.5312582, 32.4859553],
            [43.531393, 32.4859553],
            [43.5314604, 32.4860227],
            [43.5314604, 32.4861574],
            [43.5315951, 32.4862248],
            [43.5318646, 32.4862248],
            [43.5319993, 32.4861574],
            [43.5319993, 32.4860227],
            [43.5325383, 32.4859553],
            [43.5336163, 32.4859553],
            [43.5341553, 32.4860227],
            [43.5341553, 32.4861574],
            [43.53429, 32.4862248],
            [43.5345595, 32.4862248],
            [43.5347617, 32.4863595],
            [43.5348964, 32.486629],
            [43.5350312, 32.4867638],
            [43.5351659, 32.4867638],
            [43.5352333, 32.4868311],
            [43.5352333, 32.4869659],
            [43.5353007, 32.4870333],
            [43.5354354, 32.4870333],
            [43.5355028, 32.487168],
            [43.5355028, 32.4874375],
            [43.5355701, 32.4875723],
            [43.5357049, 32.4875723],
            [43.5357049, 32.4879765],
            [43.5355701, 32.488785],
            [43.535368, 32.4892566],
            [43.5350985, 32.4893913],
            [43.5349638, 32.4895261],
            [43.5349638, 32.4896608],
            [43.5346943, 32.4897956],
            [43.5341553, 32.4899303],
            [43.5338858, 32.4900651],
            [43.5338858, 32.4901998],
            [43.5334816, 32.4902672],
            [43.5326731, 32.4902672]
          ]
        ]
      }
    },
    {
      "type": "Feature",
      "properties": {
        "parcel_id": "P0005",
        "crop_code": 1,
        "crop_name": "夏玉米",
        "province": "全国重要农区",
        "agri_zone": "全国重要农作物优势聚集片区",
        "area_tier": "规范规整农田区 (<10万亩)",
        "area_mu": 492.75,
        "area_ha": 32.8503,
        "area_m2": 328503.0,
        "perimeter_m": 4033.7,
        "compactness": 0.254,
        "machinery_suitability": "良 (基本适机)",
        "dominant_purity": 1.0,
        "mean_confidence": 1.0,
        "center_lon": 43.550546,
        "center_lat": 34.3339389,
        "center_utm_x": 366666.91,
        "center_utm_y": 3800134.81
      },
      "geometry": {
        "type": "Polygon",
        "coordinates": [
          [
            [43.5475627, 34.3371136],
            [43.5468215, 34.3370462],
            [43.5468215, 34.3369115],
            [43.5468889, 34.3368441],
            [43.5470237, 34.3368441],
            [43.547091, 34.3367093],
            [43.547091, 34.3364399],
            [43.5471584, 34.3363051],
            [43.5472932, 34.3363051],
            [43.5473605, 34.335564],
            [43.5473605, 34.3340818],
            [43.5474279, 34.3333407],
            [43.5475627, 34.3333407],
            [43.54763, 34.3331385],
            [43.54763, 34.3327343],
            [43.5475627, 34.3325322],
            [43.5474279, 34.3325322],
            [43.5473605, 34.3323974],
            [43.5473605, 34.3321279],
            [43.5474279, 34.3319932],
            [43.5475627, 34.3319932],
            [43.54763, 34.3320606],
            [43.54763, 34.3321953],
            [43.5477648, 34.3322627],
            [43.5480343, 34.3322627],
            [43.548169, 34.3323301],
            [43.548169, 34.3324648],
            [43.5485059, 34.3325322],
            [43.5491796, 34.3325322],
            [43.5495165, 34.3325996],
            [43.5495165, 34.3327343],
            [43.5499207, 34.3328017],
            [43.5507292, 34.3328017],
            [43.5511335, 34.3327343],
            [43.5511335, 34.3325996],
            [43.551403, 34.3325322],
            [43.5519419, 34.3325322],
            [43.5522114, 34.3324648],
            [43.5522114, 34.3323301],
            [43.5523462, 34.3322627],
            [43.5526157, 34.3322627],
            [43.5528178, 34.3321279],
            [43.5529525, 34.3318584],
            [43.5530873, 34.3317237],
            [43.553222, 34.3317237],
            [43.5532894, 34.3316563],
            [43.5532894, 34.3315216],
            [43.5533568, 34.3314542],
            [43.5534915, 34.3314542],
            [43.5535589, 34.3313195],
            [43.5535589, 34.33105],
            [43.5536263, 34.3309152],
            [43.553761, 34.3309152],
            [43.5538958, 34.3307805],
            [43.5540305, 34.330511],
            [43.5541653, 34.3303762],
            [43.5543, 34.3303762],
            [43.5543674, 34.3303089],
            [43.5543674, 34.3301741],
            [43.5544348, 34.3301067],
            [43.5545695, 34.3301067],
            [43.5546369, 34.3300394],
            [43.5546369, 34.3299046],
            [43.5547043, 34.3298372],
            [43.554839, 34.3298372],
            [43.5549064, 34.3297025],
            [43.5549064, 34.329433],
            [43.5549738, 34.3292982],
            [43.5551085, 34.3292982],
            [43.5551759, 34.3289614],
            [43.5551759, 34.3282876],
            [43.5551085, 34.3279508],
            [43.5549738, 34.3279508],
            [43.5549064, 34.3276813],
            [43.5549064, 34.3271423],
            [43.554839, 34.3268728],
            [43.5547043, 34.3268728],
            [43.5546369, 34.3268054],
            [43.5546369, 34.3266707],
            [43.5547043, 34.3266033],
            [43.554839, 34.3266033],
            [43.5549064, 34.3266707],
            [43.5549064, 34.3268054],
            [43.5549738, 34.3268728],
            [43.5551085, 34.3268728],
            [43.5551759, 34.3270075],
            [43.5551759, 34.327277],
            [43.5553106, 34.3274792],
            [43.5555801, 34.3276139],
            [43.5557149, 34.3277487],
            [43.5557149, 34.3278834],
            [43.5558496, 34.3279508],
            [43.5561191, 34.3279508],
            [43.5562539, 34.3280181],
            [43.5562539, 34.3281529],
            [43.5563212, 34.3282203],
            [43.556456, 34.3282203],
            [43.5565233, 34.328355],
            [43.5565233, 34.3286245],
            [43.556456, 34.3287593],
            [43.5563212, 34.3287593],
            [43.5562539, 34.328894],
            [43.5562539, 34.3291635],
            [43.5561191, 34.3292982],
            [43.5558496, 34.3292982],
            [43.5556475, 34.329433],
            [43.5555127, 34.3297025],
            [43.555378, 34.3298372],
            [43.5552433, 34.3298372],
            [43.5551759, 34.3299046],
            [43.5551759, 34.3300394],
            [43.5551085, 34.3301067],
            [43.5549738, 34.3301067],
            [43.5549064, 34.3303089],
            [43.5549064, 34.3307131],
            [43.5549738, 34.3309152],
            [43.5551085, 34.3309152],
            [43.5551759, 34.33105],
            [43.5551759, 34.3313195],
            [43.5549064, 34.3314542],
            [43.5543674, 34.3314542],
            [43.5540979, 34.3315216],
            [43.5540979, 34.3316563],
            [43.5539632, 34.3317237],
            [43.5536937, 34.3317237],
            [43.5534915, 34.3318584],
            [43.5533568, 34.3321279],
            [43.553222, 34.3322627],
            [43.5530873, 34.3322627],
            [43.5530199, 34.3323301],
            [43.5530199, 34.3324648],
            [43.5529525, 34.3325322],
            [43.5528178, 34.3325322],
            [43.5526831, 34.3328017],
            [43.5525483, 34.3333407],
            [43.5524136, 34.3336102],
            [43.5522788, 34.3336102],
            [43.5522114, 34.3338123],
            [43.5522114, 34.3342165],
            [43.5522788, 34.3344186],
            [43.5524136, 34.3344186],
            [43.5524809, 34.3346208],
            [43.5524809, 34.335025],
            [43.5525483, 34.3352271],
            [43.5526831, 34.3352271],
            [43.5527504, 34.3352945],
            [43.5527504, 34.3354292],
            [43.5526831, 34.3354966],
            [43.5525483, 34.3354966],
            [43.5524809, 34.335564],
            [43.5524809, 34.3356987],
            [43.5523462, 34.3357661],
            [43.5520767, 34.3357661],
            [43.5518746, 34.3359009],
            [43.5517398, 34.3361704],
            [43.5516051, 34.3363051],
            [43.5514703, 34.3363051],
            [43.551403, 34.3363725],
            [43.551403, 34.3365072],
            [43.5512682, 34.3365746],
            [43.5509987, 34.3365746],
            [43.550864, 34.336642],
            [43.550864, 34.3367767],
            [43.5505945, 34.3368441],
            [43.5500555, 34.3368441],
            [43.549786, 34.3369115],
            [43.549786, 34.3370462],
            [43.5490449, 34.3371136],
            [43.5475627, 34.3371136]
          ]
        ]
      }
    },
    {
      "type": "Feature",
      "properties": {
        "parcel_id": "P0006",
        "crop_code": 1,
        "crop_name": "夏玉米",
        "province": "全国重要农区",
        "agri_zone": "全国重要农作物优势聚集片区",
        "area_tier": "规范规整农田区 (<10万亩)",
        "area_mu": 461.7,
        "area_ha": 30.7803,
        "area_m2": 307802.8,
        "perimeter_m": 6103.3,
        "compactness": 0.104,
        "machinery_suitability": "中/碎 (建议并块平整)",
        "dominant_purity": 1.0,
        "mean_confidence": 1.0,
        "center_lon": 43.5859468,
        "center_lat": 32.3947287,
        "center_utm_x": 367004.7,
        "center_utm_y": 3585069.11
      },
      "geometry": {
        "type": "Polygon",
        "coordinates": [
          [
            [43.5813842, 32.402412],
            [43.5813169, 32.4023446],
            [43.5813169, 32.4022098],
            [43.5813842, 32.4021425],
            [43.581519, 32.4021425],
            [43.5815863, 32.4016035],
            [43.5815863, 32.4005255],
            [43.581519, 32.3999865],
            [43.5813842, 32.3999865],
            [43.5812495, 32.3998518],
            [43.5811147, 32.3995823],
            [43.58098, 32.3994475],
            [43.5808452, 32.3994475],
            [43.5807779, 32.3993801],
            [43.5807779, 32.3992454],
            [43.5807105, 32.399178],
            [43.5805757, 32.399178],
            [43.5805084, 32.3991107],
            [43.5805084, 32.3989759],
            [43.580441, 32.3989085],
            [43.5803062, 32.3989085],
            [43.5802389, 32.3988412],
            [43.5802389, 32.3987064],
            [43.5801715, 32.398639],
            [43.5800368, 32.398639],
            [43.5799694, 32.3985717],
            [43.5799694, 32.3984369],
            [43.5798346, 32.3983695],
            [43.5795651, 32.3983695],
            [43.5794304, 32.3983022],
            [43.5794304, 32.3981674],
            [43.5790261, 32.3981],
            [43.5782177, 32.3981],
            [43.5778134, 32.3980327],
            [43.5778134, 32.3978979],
            [43.5778808, 32.3978306],
            [43.5780155, 32.3978306],
            [43.5780829, 32.3976284],
            [43.5780829, 32.3972242],
            [43.5782177, 32.3970894],
            [43.5784872, 32.3972242],
            [43.5786219, 32.3973589],
            [43.5786219, 32.3974937],
            [43.5786893, 32.3975611],
            [43.578824, 32.3975611],
            [43.5788914, 32.3976284],
            [43.5788914, 32.3977632],
            [43.5790261, 32.3978306],
            [43.5792956, 32.3978306],
            [43.5794304, 32.3978979],
            [43.5794304, 32.3980327],
            [43.5796999, 32.3981],
            [43.5802389, 32.3981],
            [43.5805084, 32.3981674],
            [43.5805084, 32.3983022],
            [43.5806431, 32.3983695],
            [43.5809126, 32.3983695],
            [43.5810474, 32.3983022],
            [43.5810474, 32.3981674],
            [43.5812495, 32.3981],
            [43.5816537, 32.3981],
            [43.5818558, 32.3980327],
            [43.5818558, 32.3978979],
            [43.5819906, 32.3978306],
            [43.5822601, 32.3978306],
            [43.5824622, 32.3976958],
            [43.582597, 32.3974263],
            [43.5827317, 32.3972916],
            [43.5828664, 32.3972916],
            [43.5829338, 32.3972242],
            [43.5829338, 32.3970894],
            [43.5830012, 32.3970221],
            [43.5831359, 32.3970221],
            [43.5832033, 32.3968199],
            [43.5832033, 32.3964157],
            [43.5832707, 32.3962136],
            [43.5834054, 32.3962136],
            [43.5834728, 32.3958093],
            [43.5834728, 32.3950009],
            [43.5833381, 32.3945292],
            [43.5830686, 32.3943945],
            [43.5829338, 32.3942598],
            [43.5829338, 32.394125],
            [43.5832033, 32.3940576],
            [43.5837423, 32.3940576],
            [43.5840118, 32.3939903],
            [43.5840118, 32.3938555],
            [43.5842813, 32.3937208],
            [43.5848203, 32.393586],
            [43.5851571, 32.3933839],
            [43.5852919, 32.3931144],
            [43.5854266, 32.3929797],
            [43.5855614, 32.3929797],
            [43.5856288, 32.3929123],
            [43.5856288, 32.3927775],
            [43.5856961, 32.3927102],
            [43.5858309, 32.3927102],
            [43.5858983, 32.3925754],
            [43.5858983, 32.3923059],
            [43.5859656, 32.3921712],
            [43.5861004, 32.3921712],
            [43.5861678, 32.3917669],
            [43.5861678, 32.3909584],
            [43.5874479, 32.3905542],
            [43.5900081, 32.3905542],
            [43.5912882, 32.3907563],
            [43.5912882, 32.3911606],
            [43.5914229, 32.3914301],
            [43.5916924, 32.3915648],
            [43.5918271, 32.3916996],
            [43.5918271, 32.3918343],
            [43.5918945, 32.3919017],
            [43.5920293, 32.3919017],
            [43.5920966, 32.391969],
            [43.5920966, 32.3921038],
            [43.5923661, 32.3922385],
            [43.5929051, 32.3923733],
            [43.5931746, 32.392508],
            [43.5931746, 32.3926428],
            [43.5933094, 32.3927102],
            [43.5935789, 32.3927102],
            [43.5936462, 32.3928449],
            [43.5935115, 32.3931144],
            [43.5931746, 32.3933165],
            [43.5926356, 32.3934513],
            [43.5923661, 32.393586],
            [43.5923661, 32.3937208],
            [43.5922988, 32.3937881],
            [43.592164, 32.3937881],
            [43.5920966, 32.3939229],
            [43.5920966, 32.3941924],
            [43.5920293, 32.3943271],
            [43.5918945, 32.3943271],
            [43.5918271, 32.394125],
            [43.5918271, 32.3937208],
            [43.5917598, 32.3935186],
            [43.591625, 32.3935186],
            [43.5915576, 32.3933839],
            [43.5915576, 32.3931144],
            [43.5914229, 32.3929123],
            [43.5911534, 32.3927775],
            [43.5910187, 32.3926428],
            [43.5910187, 32.392508],
            [43.5909513, 32.3924407],
            [43.5908165, 32.3924407],
            [43.5907492, 32.3923733],
            [43.5907492, 32.3922385],
            [43.5906144, 32.3921712],
            [43.5903449, 32.3921712],
            [43.5902102, 32.3921038],
            [43.5902102, 32.391969],
            [43.5895364, 32.3919017],
            [43.588189, 32.3919017],
            [43.5875152, 32.391969],
            [43.5875152, 32.3921038],
            [43.5873805, 32.3921712],
            [43.587111, 32.3921712],
            [43.5869762, 32.3922385],
            [43.5869762, 32.3923733],
            [43.5868415, 32.392508],
            [43.586572, 32.3926428],
            [43.5864372, 32.3927775],
            [43.5864372, 32.3929123],
            [43.5863699, 32.3929797],
            [43.5862351, 32.3929797],
            [43.5861678, 32.393047],
            [43.5861678, 32.3931818],
            [43.5861004, 32.3932491],
            [43.5859656, 32.3932491],
            [43.5858983, 32.3933165],
            [43.5858983, 32.3934513],
            [43.5858309, 32.3935186],
            [43.5856961, 32.3935186],
            [43.5856288, 32.3940576],
            [43.5856288, 32.3951356],
            [43.5857635, 32.395742],
            [43.586033, 32.3958767],
            [43.5861678, 32.3960115],
            [43.5861678, 32.3961462],
            [43.5862351, 32.3962136],
            [43.5863699, 32.3962136],
            [43.5864372, 32.396281],
            [43.5864372, 32.3964157],
            [43.5863699, 32.3964831],
            [43.5862351, 32.3964831],
            [43.5861678, 32.3964157],
            [43.5861678, 32.396281],
            [43.5859656, 32.3962136],
            [43.5855614, 32.3962136],
            [43.5853593, 32.396281],
            [43.5853593, 32.3964157],
            [43.5850224, 32.3964831],
            [43.5843487, 32.3964831],
            [43.5840118, 32.3965505],
            [43.5840118, 32.3966852],
            [43.583877, 32.3967526],
            [43.5836076, 32.3967526],
            [43.5834728, 32.3968199],
            [43.5834728, 32.3969547],
            [43.5833381, 32.3970894],
            [43.5830686, 32.3972242],
            [43.5829338, 32.3973589],
            [43.5829338, 32.3974937],
            [43.5828664, 32.3975611],
            [43.5827317, 32.3975611],
            [43.5826643, 32.3976284],
            [43.5826643, 32.3977632],
            [43.582597, 32.3978306],
            [43.5824622, 32.3978306],
            [43.5823948, 32.3978979],
            [43.5823948, 32.3980327],
            [43.5823275, 32.3981],
            [43.5821927, 32.3981],
            [43.5821253, 32.3983695],
            [43.5821253, 32.3989085],
            [43.582058, 32.399178],
            [43.5819232, 32.399178],
            [43.5818558, 32.3993801],
            [43.5818558, 32.3997844],
            [43.5819232, 32.3999865],
            [43.582058, 32.3999865],
            [43.5821253, 32.4001886],
            [43.5821253, 32.4005929],
            [43.5821927, 32.400795],
            [43.5823275, 32.400795],
            [43.5824622, 32.4009297],
            [43.582597, 32.4011992],
            [43.5827317, 32.401334],
            [43.5828664, 32.401334],
            [43.5829338, 32.4014014],
            [43.5829338, 32.4015361],
            [43.5830012, 32.4016035],
            [43.5831359, 32.4016035],
            [43.5832033, 32.4016709],
            [43.5832033, 32.4018056],
            [43.5830012, 32.401873],
            [43.582597, 32.401873],
            [43.5823948, 32.4019403],
            [43.5823948, 32.4020751],
            [43.5821927, 32.4021425],
            [43.5817885, 32.4021425],
            [43.5815863, 32.4022098],
            [43.5815863, 32.4023446],
            [43.581519, 32.402412],
            [43.5813842, 32.402412]
          ]
        ]
      }
    },
    {
      "type": "Feature",
      "properties": {
        "parcel_id": "P0007",
        "crop_code": 1,
        "crop_name": "夏玉米",
        "province": "全国重要农区",
        "agri_zone": "全国重要农作物优势聚集片区",
        "area_tier": "规范规整农田区 (<10万亩)",
        "area_mu": 445.5,
        "area_ha": 29.7003,
        "area_m2": 297002.7,
        "perimeter_m": 3569.7,
        "compactness": 0.293,
        "machinery_suitability": "良 (基本适机)",
        "dominant_purity": 1.0,
        "mean_confidence": 1.0,
        "center_lon": 43.5637135,
        "center_lat": 34.7321037,
        "center_utm_x": 368505.88,
        "center_utm_y": 3844274.17
      },
      "geometry": {
        "type": "Polygon",
        "coordinates": [
          [
            [43.5646756, 34.7375825],
            [43.5646082, 34.7371109],
            [43.5646082, 34.7361677],
            [43.5644734, 34.7356287],
            [43.5642039, 34.735494],
            [43.5640692, 34.7352245],
            [43.5640692, 34.7348202],
            [43.5639345, 34.7345507],
            [43.563665, 34.734416],
            [43.5635302, 34.7342812],
            [43.5635302, 34.7341465],
            [43.5634628, 34.7340791],
            [43.5633281, 34.7340791],
            [43.5632607, 34.7340117],
            [43.5632607, 34.733877],
            [43.563126, 34.7338096],
            [43.5628565, 34.7338096],
            [43.5626544, 34.7336749],
            [43.5625196, 34.7334054],
            [43.5623175, 34.7332706],
            [43.562048, 34.7332706],
            [43.5618459, 34.7331359],
            [43.5617111, 34.7328664],
            [43.5615764, 34.7327316],
            [43.5614416, 34.7327316],
            [43.5613743, 34.7324621],
            [43.5613743, 34.7319232],
            [43.5613069, 34.7316537],
            [43.5611721, 34.7316537],
            [43.5611048, 34.7315863],
            [43.5611048, 34.7314515],
            [43.5611721, 34.7313842],
            [43.5613069, 34.7313842],
            [43.5613743, 34.7312494],
            [43.5613743, 34.7309799],
            [43.5614416, 34.7308452],
            [43.5615764, 34.7308452],
            [43.5616437, 34.7307104],
            [43.5616437, 34.7304409],
            [43.5617111, 34.7303062],
            [43.5618459, 34.7303062],
            [43.5619132, 34.7296325],
            [43.5619132, 34.728285],
            [43.5618459, 34.7276112],
            [43.5617111, 34.7276112],
            [43.5616437, 34.7274091],
            [43.5616437, 34.7270049],
            [43.5619132, 34.7267354],
            [43.5624522, 34.7266006],
            [43.5627217, 34.7264659],
            [43.5627217, 34.7263311],
            [43.5627891, 34.7262638],
            [43.5629238, 34.7262638],
            [43.5629912, 34.7263311],
            [43.5629912, 34.7264659],
            [43.5629238, 34.7265333],
            [43.5627891, 34.7265333],
            [43.5627217, 34.726668],
            [43.5627217, 34.7269375],
            [43.5626544, 34.7270723],
            [43.5625196, 34.7270723],
            [43.5624522, 34.7274091],
            [43.5624522, 34.7280829],
            [43.5625196, 34.7284197],
            [43.5626544, 34.7284197],
            [43.5627217, 34.7285545],
            [43.5627217, 34.728824],
            [43.5628565, 34.7290261],
            [43.563126, 34.7291608],
            [43.5632607, 34.7292956],
            [43.5632607, 34.7294303],
            [43.5633281, 34.7294977],
            [43.5634628, 34.7294977],
            [43.5635302, 34.7295651],
            [43.5635302, 34.7296998],
            [43.5637997, 34.7298346],
            [43.5643387, 34.7299693],
            [43.5646082, 34.7301041],
            [43.5646082, 34.7302388],
            [43.5648777, 34.7303062],
            [43.5654167, 34.7303062],
            [43.5656862, 34.7303736],
            [43.5656862, 34.7305083],
            [43.5658883, 34.7305757],
            [43.5662925, 34.7305757],
            [43.5664946, 34.7305083],
            [43.5664946, 34.7303736],
            [43.5667641, 34.7303062],
            [43.5673031, 34.7303062],
            [43.5675726, 34.7303736],
            [43.5675726, 34.7305083],
            [43.56764, 34.7305757],
            [43.5677747, 34.7305757],
            [43.5678421, 34.7306431],
            [43.5678421, 34.7307778],
            [43.5677074, 34.7308452],
            [43.5674379, 34.7308452],
            [43.5673031, 34.7309126],
            [43.5673031, 34.7310473],
            [43.5671684, 34.7311147],
            [43.5668989, 34.7311147],
            [43.5667641, 34.731182],
            [43.5667641, 34.7313168],
            [43.5666294, 34.7313842],
            [43.5663599, 34.7313842],
            [43.5661578, 34.7315189],
            [43.566023, 34.7317884],
            [43.5658883, 34.7319232],
            [43.5657535, 34.7319232],
            [43.5656862, 34.7319905],
            [43.5656862, 34.7321253],
            [43.5656188, 34.7321927],
            [43.565484, 34.7321927],
            [43.5653493, 34.7324621],
            [43.5652145, 34.7330011],
            [43.5650798, 34.7332706],
            [43.5649451, 34.7332706],
            [43.5648777, 34.7334727],
            [43.5648777, 34.733877],
            [43.5649451, 34.7340791],
            [43.5650798, 34.7340791],
            [43.5651472, 34.7342139],
            [43.5651472, 34.7344834],
            [43.5652819, 34.7346855],
            [43.5655514, 34.7348202],
            [43.5656862, 34.734955],
            [43.5656862, 34.7350897],
            [43.5657535, 34.7351571],
            [43.5658883, 34.7351571],
            [43.5659557, 34.7353592],
            [43.5659557, 34.7357635],
            [43.5658883, 34.7359656],
            [43.5657535, 34.7359656],
            [43.5656862, 34.7361677],
            [43.5656862, 34.7365719],
            [43.5656188, 34.7367741],
            [43.565484, 34.7367741],
            [43.5653493, 34.7369088],
            [43.5652145, 34.7371783],
            [43.5650798, 34.737313],
            [43.5649451, 34.737313],
            [43.5648777, 34.7373804],
            [43.5648777, 34.7375152],
            [43.5648103, 34.7375825],
            [43.5646756, 34.7375825]
          ]
        ]
      }
    },
    {
      "type": "Feature",
      "properties": {
        "parcel_id": "P0008",
        "crop_code": 2,
        "crop_name": "冬小麦",
        "province": "全国重要农区",
        "agri_zone": "全国重要农作物优势聚集片区",
        "area_tier": "规范规整农田区 (<10万亩)",
        "area_mu": 440.1,
        "area_ha": 29.3403,
        "area_m2": 293402.7,
        "perimeter_m": 1940.0,
        "compactness": 0.98,
        "machinery_suitability": "优 (规整适机)",
        "dominant_purity": 1.0,
        "mean_confidence": 1.0,
        "center_lon": 43.5852676,
        "center_lat": 32.3995014,
        "center_utm_x": 366947.82,
        "center_utm_y": 3585599.08
      },
      "geometry": {
        "type": "Polygon",
        "coordinates": [
          [
            [43.5847529, 32.401873],
            [43.5842813, 32.4018056],
            [43.5842813, 32.4016709],
            [43.5840118, 32.4015361],
            [43.5834728, 32.4014014],
            [43.5831359, 32.4011992],
            [43.5830012, 32.4009297],
            [43.5828664, 32.400795],
            [43.5827317, 32.400795],
            [43.582597, 32.4003908],
            [43.5824622, 32.3995823],
            [43.5824622, 32.399178],
            [43.582597, 32.399178],
            [43.5826643, 32.3989085],
            [43.5826643, 32.3983695],
            [43.5827991, 32.3980327],
            [43.5830686, 32.3978979],
            [43.5832033, 32.3977632],
            [43.5832033, 32.3976284],
            [43.5832707, 32.3975611],
            [43.5834054, 32.3975611],
            [43.5834728, 32.3974937],
            [43.5834728, 32.3973589],
            [43.5836076, 32.3972916],
            [43.583877, 32.3972916],
            [43.5840118, 32.3972242],
            [43.5840118, 32.3970894],
            [43.5843487, 32.3970221],
            [43.5850224, 32.3970221],
            [43.5853593, 32.3969547],
            [43.5853593, 32.3968199],
            [43.5855614, 32.3967526],
            [43.5859656, 32.3967526],
            [43.5861678, 32.3968199],
            [43.5861678, 32.3969547],
            [43.5863699, 32.3970221],
            [43.5867741, 32.3970221],
            [43.5869762, 32.3970894],
            [43.5869762, 32.3972242],
            [43.587111, 32.3972916],
            [43.5873805, 32.3972916],
            [43.5875826, 32.3974263],
            [43.5877173, 32.3976958],
            [43.5878521, 32.3978306],
            [43.5879868, 32.3978306],
            [43.5880542, 32.3980327],
            [43.5880542, 32.3984369],
            [43.5881216, 32.398639],
            [43.5882563, 32.398639],
            [43.5883237, 32.3989759],
            [43.5883237, 32.3996496],
            [43.5882563, 32.3999865],
            [43.5881216, 32.3999865],
            [43.5880542, 32.4001886],
            [43.5880542, 32.4005929],
            [43.5879195, 32.4008624],
            [43.58765, 32.4009971],
            [43.5875152, 32.4011319],
            [43.5875152, 32.4012666],
            [43.5873805, 32.401334],
            [43.587111, 32.401334],
            [43.5869762, 32.4014014],
            [43.5869762, 32.4015361],
            [43.5867741, 32.4016035],
            [43.5863699, 32.4016035],
            [43.5861678, 32.4016709],
            [43.5861678, 32.4018056],
            [43.5856961, 32.401873],
            [43.5847529, 32.401873]
          ]
        ]
      }
    },
    {
      "type": "Feature",
      "properties": {
        "parcel_id": "P0009",
        "crop_code": 2,
        "crop_name": "冬小麦",
        "province": "全国重要农区",
        "agri_zone": "全国重要农作物优势聚集片区",
        "area_tier": "规范规整农田区 (<10万亩)",
        "area_mu": 390.15,
        "area_ha": 26.0102,
        "area_m2": 260102.4,
        "perimeter_m": 1820.7,
        "compactness": 0.986,
        "machinery_suitability": "优 (规整适机)",
        "dominant_purity": 1.0,
        "mean_confidence": 1.0,
        "center_lon": 43.5644492,
        "center_lat": 34.3240754,
        "center_utm_x": 367930.49,
        "center_utm_y": 3799022.81
      },
      "geometry": {
        "type": "Polygon",
        "coordinates": [
          [
            [43.5641366, 34.3263338],
            [43.5637997, 34.3262664],
            [43.5637997, 34.3261317],
            [43.5635976, 34.3260643],
            [43.5631933, 34.3260643],
            [43.5629912, 34.3259969],
            [43.5629912, 34.3258622],
            [43.5628565, 34.3257948],
            [43.562587, 34.3257948],
            [43.5623849, 34.3256601],
            [43.5622501, 34.3253906],
            [43.5621154, 34.3252558],
            [43.5619806, 34.3252558],
            [43.5619132, 34.3247168],
            [43.5619132, 34.3236389],
            [43.5619806, 34.3230999],
            [43.5621154, 34.3230999],
            [43.5621827, 34.3228977],
            [43.5621827, 34.3224935],
            [43.5624522, 34.322224],
            [43.5629912, 34.3220893],
            [43.5632607, 34.3219545],
            [43.5632607, 34.3218198],
            [43.5634628, 34.3217524],
            [43.5638671, 34.3217524],
            [43.5640692, 34.321685],
            [43.5640692, 34.3215503],
            [43.5642713, 34.3214829],
            [43.5646756, 34.3214829],
            [43.5648777, 34.3215503],
            [43.5648777, 34.321685],
            [43.5651472, 34.3217524],
            [43.5656862, 34.3217524],
            [43.5659557, 34.3218198],
            [43.5659557, 34.3219545],
            [43.5660904, 34.3220219],
            [43.5663599, 34.3220219],
            [43.5664946, 34.3220893],
            [43.5664946, 34.322224],
            [43.5666294, 34.3222914],
            [43.5668989, 34.3222914],
            [43.5670336, 34.3224261],
            [43.5670336, 34.3226956],
            [43.567101, 34.3228304],
            [43.5672358, 34.3228304],
            [43.5673031, 34.3233694],
            [43.5673031, 34.3244473],
            [43.5671684, 34.3250537],
            [43.5668989, 34.3251885],
            [43.5667641, 34.3253232],
            [43.5667641, 34.3254579],
            [43.5666968, 34.3255253],
            [43.566562, 34.3255253],
            [43.5664946, 34.3255927],
            [43.5664946, 34.3257274],
            [43.5663599, 34.3257948],
            [43.5660904, 34.3257948],
            [43.5659557, 34.3258622],
            [43.5659557, 34.3259969],
            [43.5657535, 34.3260643],
            [43.5653493, 34.3260643],
            [43.5651472, 34.3261317],
            [43.5651472, 34.3262664],
            [43.5648103, 34.3263338],
            [43.5641366, 34.3263338]
          ]
        ]
      }
    },
    {
      "type": "Feature",
      "properties": {
        "parcel_id": "P0010",
        "crop_code": 2,
        "crop_name": "冬小麦",
        "province": "全国重要农区",
        "agri_zone": "全国重要农作物优势聚集片区",
        "area_tier": "规范规整农田区 (<10万亩)",
        "area_mu": 379.35,
        "area_ha": 25.2902,
        "area_m2": 252902.3,
        "perimeter_m": 1819.0,
        "compactness": 0.96,
        "machinery_suitability": "优 (规整适机)",
        "dominant_purity": 1.0,
        "mean_confidence": 1.0,
        "center_lon": 43.5763582,
        "center_lat": 32.4166898,
        "center_utm_x": 366135.22,
        "center_utm_y": 3587515.78
      },
      "geometry": {
        "type": "Polygon",
        "coordinates": [
          [
            [43.575927, 32.4188511],
            [43.575388, 32.4187838],
            [43.575388, 32.418649],
            [43.5752532, 32.4185816],
            [43.5749837, 32.4185816],
            [43.574849, 32.4185143],
            [43.574849, 32.4183795],
            [43.5747142, 32.4183121],
            [43.5744447, 32.4183121],
            [43.5742426, 32.4180426],
            [43.5741079, 32.4175037],
            [43.5739731, 32.4172342],
            [43.5738384, 32.4172342],
            [43.573771, 32.4168973],
            [43.573771, 32.4162236],
            [43.5738384, 32.4158867],
            [43.5739731, 32.4158867],
            [43.5740405, 32.4156846],
            [43.5740405, 32.4152803],
            [43.5741079, 32.4150782],
            [43.5742426, 32.4150782],
            [43.57431, 32.4150108],
            [43.57431, 32.4148761],
            [43.5744447, 32.4148087],
            [43.5747142, 32.4148087],
            [43.574849, 32.4147413],
            [43.574849, 32.4146066],
            [43.5749837, 32.4145392],
            [43.5752532, 32.4145392],
            [43.575388, 32.4144718],
            [43.575388, 32.4143371],
            [43.575927, 32.4142697],
            [43.5770049, 32.4142697],
            [43.5775439, 32.4143371],
            [43.5775439, 32.4144718],
            [43.5776787, 32.4145392],
            [43.5779482, 32.4145392],
            [43.5780829, 32.4146066],
            [43.5780829, 32.4147413],
            [43.5782177, 32.4148087],
            [43.5784872, 32.4148087],
            [43.5786219, 32.4148761],
            [43.5786219, 32.4150108],
            [43.5786893, 32.4150782],
            [43.578824, 32.4150782],
            [43.5788914, 32.415213],
            [43.5788914, 32.4154824],
            [43.5789588, 32.4156172],
            [43.5790935, 32.4156172],
            [43.5791609, 32.4160888],
            [43.5791609, 32.417032],
            [43.5790935, 32.4175037],
            [43.5789588, 32.4175037],
            [43.5788914, 32.4176384],
            [43.5788914, 32.4179079],
            [43.578824, 32.4180426],
            [43.5786893, 32.4180426],
            [43.5786219, 32.41811],
            [43.5786219, 32.4182448],
            [43.5784872, 32.4183121],
            [43.5782177, 32.4183121],
            [43.5780829, 32.4183795],
            [43.5780829, 32.4185143],
            [43.5779482, 32.4185816],
            [43.5776787, 32.4185816],
            [43.5775439, 32.418649],
            [43.5775439, 32.4187838],
            [43.5770049, 32.4188511],
            [43.575927, 32.4188511]
          ]
        ]
      }
    },
    {
      "type": "Feature",
      "properties": {
        "parcel_id": "P0011",
        "crop_code": 2,
        "crop_name": "冬小麦",
        "province": "全国重要农区",
        "agri_zone": "全国重要农作物优势聚集片区",
        "area_tier": "规范规整农田区 (<10万亩)",
        "area_mu": 372.6,
        "area_ha": 24.8402,
        "area_m2": 248402.3,
        "perimeter_m": 1779.9,
        "compactness": 0.985,
        "machinery_suitability": "优 (规整适机)",
        "dominant_purity": 1.0,
        "mean_confidence": 1.0,
        "center_lon": 43.573038,
        "center_lat": 34.3920662,
        "center_utm_x": 368826.71,
        "center_utm_y": 3806551.66
      },
      "geometry": {
        "type": "Polygon",
        "coordinates": [
          [
            [43.5726257, 34.3942464],
            [43.572154, 34.3941791],
            [43.572154, 34.3940443],
            [43.5720193, 34.3939769],
            [43.5717498, 34.3939769],
            [43.571615, 34.3939096],
            [43.571615, 34.3937748],
            [43.5714803, 34.3937075],
            [43.5712108, 34.3937075],
            [43.5710761, 34.3936401],
            [43.5710761, 34.3935053],
            [43.5710087, 34.393438],
            [43.5708739, 34.393438],
            [43.5708066, 34.3933032],
            [43.5708066, 34.3930337],
            [43.5707392, 34.392899],
            [43.5706044, 34.392899],
            [43.5705371, 34.3924274],
            [43.5705371, 34.3914841],
            [43.5706044, 34.3910125],
            [43.5707392, 34.3910125],
            [43.5708066, 34.3908778],
            [43.5708066, 34.3906083],
            [43.5708739, 34.3904735],
            [43.5710087, 34.3904735],
            [43.5710761, 34.3904061],
            [43.5710761, 34.3902714],
            [43.5712108, 34.390204],
            [43.5714803, 34.390204],
            [43.571615, 34.3901366],
            [43.571615, 34.3900019],
            [43.5717498, 34.3899345],
            [43.5720193, 34.3899345],
            [43.572154, 34.3898672],
            [43.572154, 34.3897324],
            [43.572693, 34.389665],
            [43.573771, 34.389665],
            [43.57431, 34.3897324],
            [43.57431, 34.3898672],
            [43.5744447, 34.3899345],
            [43.5747142, 34.3899345],
            [43.574849, 34.3900019],
            [43.574849, 34.3901366],
            [43.5749837, 34.390204],
            [43.5752532, 34.390204],
            [43.5754553, 34.3904735],
            [43.5755901, 34.3910125],
            [43.5757248, 34.391282],
            [43.5758596, 34.391282],
            [43.575927, 34.3916189],
            [43.575927, 34.3922926],
            [43.5757922, 34.3926968],
            [43.5755227, 34.3928316],
            [43.575388, 34.3930337],
            [43.575388, 34.3933032],
            [43.5753206, 34.393438],
            [43.5751858, 34.393438],
            [43.5751185, 34.3935053],
            [43.5751185, 34.3936401],
            [43.5749837, 34.3937075],
            [43.5747142, 34.3937075],
            [43.5745795, 34.3937748],
            [43.5745795, 34.3939096],
            [43.5744447, 34.3939769],
            [43.5741752, 34.3939769],
            [43.5740405, 34.3940443],
            [43.5740405, 34.3941791],
            [43.5735689, 34.3942464],
            [43.5726257, 34.3942464]
          ]
        ]
      }
    },
    {
      "type": "Feature",
      "properties": {
        "parcel_id": "P0012",
        "crop_code": 2,
        "crop_name": "冬小麦",
        "province": "全国重要农区",
        "agri_zone": "全国重要农作物优势聚集片区",
        "area_tier": "规范规整农田区 (<10万亩)",
        "area_mu": 369.9,
        "area_ha": 24.6602,
        "area_m2": 246602.3,
        "perimeter_m": 1798.3,
        "compactness": 0.958,
        "machinery_suitability": "优 (规整适机)",
        "dominant_purity": 1.0,
        "mean_confidence": 1.0,
        "center_lon": 43.5604957,
        "center_lat": 32.4787005,
        "center_utm_x": 364736.23,
        "center_utm_y": 3594410.6
      },
      "geometry": {
        "type": "Polygon",
        "coordinates": [
          [
            [43.5600268, 32.4808349],
            [43.5594878, 32.4807675],
            [43.5594878, 32.4806328],
            [43.559353, 32.4805654],
            [43.5590835, 32.4805654],
            [43.5588814, 32.4804306],
            [43.5587467, 32.4801611],
            [43.5586119, 32.4800264],
            [43.5584772, 32.4800264],
            [43.5584098, 32.479959],
            [43.5584098, 32.4798243],
            [43.5583424, 32.4797569],
            [43.5582077, 32.4797569],
            [43.5581403, 32.4795548],
            [43.5581403, 32.4791505],
            [43.5580729, 32.4789484],
            [43.5579382, 32.4789484],
            [43.5578708, 32.4786789],
            [43.5578708, 32.4781399],
            [43.5579382, 32.4778704],
            [43.5580729, 32.4778704],
            [43.5581403, 32.4777357],
            [43.5581403, 32.4774662],
            [43.5582751, 32.4772641],
            [43.5585446, 32.4771293],
            [43.5586793, 32.4769946],
            [43.5586793, 32.4768598],
            [43.5588141, 32.4767925],
            [43.5590835, 32.4767925],
            [43.5592183, 32.4767251],
            [43.5592183, 32.4765903],
            [43.559353, 32.476523],
            [43.5596225, 32.476523],
            [43.5597573, 32.4764556],
            [43.5597573, 32.4763209],
            [43.5601615, 32.4762535],
            [43.56097, 32.4762535],
            [43.5613743, 32.4763209],
            [43.5613743, 32.4764556],
            [43.5615764, 32.476523],
            [43.5619806, 32.476523],
            [43.5621827, 32.4765903],
            [43.5621827, 32.4767251],
            [43.5623175, 32.4767925],
            [43.562587, 32.4767925],
            [43.5627217, 32.4768598],
            [43.5627217, 32.4769946],
            [43.5627891, 32.477062],
            [43.5629238, 32.477062],
            [43.5629912, 32.4771967],
            [43.5629912, 32.4774662],
            [43.5630586, 32.477601],
            [43.5631933, 32.477601],
            [43.5632607, 32.4780726],
            [43.5632607, 32.4790158],
            [43.5631933, 32.4794874],
            [43.5630586, 32.4794874],
            [43.5629912, 32.4796222],
            [43.5629912, 32.4798917],
            [43.5629238, 32.4800264],
            [43.5627891, 32.4800264],
            [43.5627217, 32.4800938],
            [43.5627217, 32.4802285],
            [43.562587, 32.4802959],
            [43.5623175, 32.4802959],
            [43.5621827, 32.4803633],
            [43.5621827, 32.480498],
            [43.562048, 32.4805654],
            [43.5617785, 32.4805654],
            [43.5616437, 32.4806328],
            [43.5616437, 32.4807675],
            [43.5611048, 32.4808349],
            [43.5600268, 32.4808349]
          ]
        ]
      }
    },
    {
      "type": "Feature",
      "properties": {
        "parcel_id": "P0013",
        "crop_code": 2,
        "crop_name": "冬小麦",
        "province": "全国重要农区",
        "agri_zone": "全国重要农作物优势聚集片区",
        "area_tier": "规范规整农田区 (<10万亩)",
        "area_mu": 352.35,
        "area_ha": 23.4902,
        "area_m2": 234902.1,
        "perimeter_m": 1711.9,
        "compactness": 1.0,
        "machinery_suitability": "优 (规整适机)",
        "dominant_purity": 1.0,
        "mean_confidence": 1.0,
        "center_lon": 43.588604,
        "center_lat": 32.3946963,
        "center_utm_x": 367254.59,
        "center_utm_y": 3585062.22
      },
      "geometry": {
        "type": "Polygon",
        "coordinates": [
          [
            [43.5880542, 32.3967526],
            [43.5875152, 32.3966852],
            [43.5875152, 32.3965505],
            [43.5873805, 32.3964831],
            [43.587111, 32.3964831],
            [43.5869089, 32.3963483],
            [43.5867741, 32.3960788],
            [43.5866394, 32.3959441],
            [43.5865046, 32.3959441],
            [43.5864372, 32.3958767],
            [43.5864372, 32.395742],
            [43.5863699, 32.3956746],
            [43.5862351, 32.3956746],
            [43.5861678, 32.3951356],
            [43.5861678, 32.3940576],
            [43.5863025, 32.3934513],
            [43.586572, 32.3933165],
            [43.5867067, 32.3931818],
            [43.5867067, 32.393047],
            [43.5867741, 32.3929797],
            [43.5869089, 32.3929797],
            [43.5869762, 32.3929123],
            [43.5869762, 32.3927775],
            [43.587111, 32.3927102],
            [43.5873805, 32.3927102],
            [43.5875152, 32.3926428],
            [43.5875152, 32.392508],
            [43.588189, 32.3924407],
            [43.5895364, 32.3924407],
            [43.5902102, 32.392508],
            [43.5902102, 32.3926428],
            [43.5903449, 32.3927102],
            [43.5906144, 32.3927102],
            [43.5907492, 32.3927775],
            [43.5907492, 32.3929123],
            [43.5908165, 32.3929797],
            [43.5909513, 32.3929797],
            [43.5910187, 32.3931144],
            [43.5910187, 32.3933839],
            [43.591086, 32.3935186],
            [43.5912208, 32.3935186],
            [43.5912882, 32.3940576],
            [43.5912882, 32.3951356],
            [43.5911534, 32.395742],
            [43.5908839, 32.3958767],
            [43.5907492, 32.3960115],
            [43.5907492, 32.3961462],
            [43.5906144, 32.3962136],
            [43.5903449, 32.3962136],
            [43.5902102, 32.396281],
            [43.5902102, 32.3964157],
            [43.5900754, 32.3964831],
            [43.5898059, 32.3964831],
            [43.5896712, 32.3965505],
            [43.5896712, 32.3966852],
            [43.5891322, 32.3967526],
            [43.5880542, 32.3967526]
          ]
        ]
      }
    },
    {
      "type": "Feature",
      "properties": {
        "parcel_id": "P0014",
        "crop_code": 2,
        "crop_name": "冬小麦",
        "province": "全国重要农区",
        "agri_zone": "全国重要农作物优势聚集片区",
        "area_tier": "规范规整农田区 (<10万亩)",
        "area_mu": 352.35,
        "area_ha": 23.4902,
        "area_m2": 234902.1,
        "perimeter_m": 1764.2,
        "compactness": 0.948,
        "machinery_suitability": "优 (规整适机)",
        "dominant_purity": 1.0,
        "mean_confidence": 1.0,
        "center_lon": 43.5511281,
        "center_lat": 32.4702896,
        "center_utm_x": 363843.25,
        "center_utm_y": 3593490.04
      },
      "geometry": {
        "type": "Polygon",
        "coordinates": [
          [
            [43.5512682, 32.4724132],
            [43.550864, 32.4724132],
            [43.550864, 32.4722784],
            [43.5505945, 32.4722111],
            [43.5500555, 32.4722111],
            [43.549786, 32.4721437],
            [43.549786, 32.4720089],
            [43.5496512, 32.4719416],
            [43.5493817, 32.4719416],
            [43.549247, 32.4718742],
            [43.549247, 32.4717394],
            [43.5491796, 32.4716721],
            [43.5490449, 32.4716721],
            [43.5489775, 32.4715373],
            [43.5489775, 32.4712678],
            [43.5489101, 32.4711331],
            [43.5487754, 32.4711331],
            [43.548708, 32.4706615],
            [43.548708, 32.4697182],
            [43.5487754, 32.4692466],
            [43.5489101, 32.4692466],
            [43.5489775, 32.4691119],
            [43.5489775, 32.4688424],
            [43.5490449, 32.4687076],
            [43.5491796, 32.4687076],
            [43.549247, 32.4686403],
            [43.549247, 32.4685055],
            [43.5493817, 32.4684381],
            [43.5496512, 32.4684381],
            [43.549786, 32.4683708],
            [43.549786, 32.468236],
            [43.5499207, 32.4681686],
            [43.5501902, 32.4681686],
            [43.550325, 32.4681013],
            [43.550325, 32.4679665],
            [43.5507292, 32.4678991],
            [43.5515377, 32.4678991],
            [43.5519419, 32.4679665],
            [43.5519419, 32.4681013],
            [43.5521441, 32.4681686],
            [43.5525483, 32.4681686],
            [43.5527504, 32.468236],
            [43.5527504, 32.4683708],
            [43.5528852, 32.4684381],
            [43.5531547, 32.4684381],
            [43.5532894, 32.4685055],
            [43.5532894, 32.4686403],
            [43.5533568, 32.4687076],
            [43.5534915, 32.4687076],
            [43.5535589, 32.4688424],
            [43.5535589, 32.4691119],
            [43.5536263, 32.4692466],
            [43.553761, 32.4692466],
            [43.5538284, 32.4697856],
            [43.5538284, 32.4708636],
            [43.553761, 32.4714026],
            [43.5536263, 32.4714026],
            [43.5535589, 32.4714699],
            [43.5535589, 32.4716047],
            [43.5534242, 32.4716721],
            [43.5531547, 32.4716721],
            [43.5530199, 32.4717394],
            [43.5530199, 32.4718742],
            [43.5528852, 32.4719416],
            [43.5526157, 32.4719416],
            [43.5524809, 32.4720089],
            [43.5524809, 32.4721437],
            [43.5520767, 32.4722784],
            [43.5512682, 32.4724132]
          ]
        ]
      }
    },
    {
      "type": "Feature",
      "properties": {
        "parcel_id": "P0015",
        "crop_code": 2,
        "crop_name": "冬小麦",
        "province": "全国重要农区",
        "agri_zone": "全国重要农作物优势聚集片区",
        "area_tier": "规范规整农田区 (<10万亩)",
        "area_mu": 338.85,
        "area_ha": 22.5902,
        "area_m2": 225902.1,
        "perimeter_m": 1682.4,
        "compactness": 1.0,
        "machinery_suitability": "优 (规整适机)",
        "dominant_purity": 1.0,
        "mean_confidence": 1.0,
        "center_lon": 43.5319966,
        "center_lat": 34.0965358,
        "center_utm_x": 364581.07,
        "center_utm_y": 3773832.41
      },
      "geometry": {
        "type": "Polygon",
        "coordinates": [
          [
            [43.5320667, 34.0986109],
            [43.5317298, 34.0985435],
            [43.5317298, 34.0984088],
            [43.5315277, 34.0983414],
            [43.5311235, 34.0983414],
            [43.5309214, 34.098274],
            [43.5309214, 34.0981393],
            [43.5307866, 34.0980719],
            [43.5305171, 34.0980719],
            [43.5303824, 34.0980045],
            [43.5303824, 34.0978698],
            [43.5302476, 34.0978024],
            [43.5299781, 34.0978024],
            [43.529776, 34.0975329],
            [43.5296413, 34.0969939],
            [43.5295065, 34.0967244],
            [43.5293718, 34.0967244],
            [43.5293044, 34.0965223],
            [43.5293044, 34.0961181],
            [43.5293718, 34.0959159],
            [43.5295065, 34.0959159],
            [43.5295739, 34.0957812],
            [43.5295739, 34.0955117],
            [43.5297086, 34.0953096],
            [43.5299781, 34.0951748],
            [43.5301129, 34.0950401],
            [43.5301129, 34.0949053],
            [43.5303824, 34.0947706],
            [43.5309214, 34.0946358],
            [43.5311909, 34.0945011],
            [43.5311909, 34.0943663],
            [43.5317298, 34.094299],
            [43.5328078, 34.094299],
            [43.5333468, 34.0943663],
            [43.5333468, 34.0945011],
            [43.5334816, 34.0945685],
            [43.5337511, 34.0945685],
            [43.5339532, 34.0947032],
            [43.5340879, 34.0949727],
            [43.5342227, 34.0951075],
            [43.5343574, 34.0951075],
            [43.5344248, 34.0951748],
            [43.5344248, 34.0953096],
            [43.5344922, 34.0953769],
            [43.5346269, 34.0953769],
            [43.5346943, 34.0958486],
            [43.5346943, 34.0967918],
            [43.5346269, 34.0972634],
            [43.5344922, 34.0972634],
            [43.5344248, 34.0973982],
            [43.5344248, 34.0976676],
            [43.5343574, 34.0978024],
            [43.5342227, 34.0978024],
            [43.5341553, 34.0978698],
            [43.5341553, 34.0980045],
            [43.5338858, 34.0981393],
            [43.5333468, 34.098274],
            [43.5330773, 34.0984088],
            [43.5330773, 34.0985435],
            [43.5327405, 34.0986109],
            [43.5320667, 34.0986109]
          ]
        ]
      }
    },
    {
      "type": "Feature",
      "properties": {
        "parcel_id": "P0016",
        "crop_code": 2,
        "crop_name": "冬小麦",
        "province": "全国重要农区",
        "agri_zone": "全国重要农作物优势聚集片区",
        "area_tier": "规范规整农田区 (<10万亩)",
        "area_mu": 301.05,
        "area_ha": 20.0702,
        "area_m2": 200701.8,
        "perimeter_m": 1713.1,
        "compactness": 0.859,
        "machinery_suitability": "优 (规整适机)",
        "dominant_purity": 1.0,
        "mean_confidence": 1.0,
        "center_lon": 45.9634576,
        "center_lat": 35.2531014,
        "center_utm_x": 587646.92,
        "center_utm_y": 3901537.0
      },
      "geometry": {
        "type": "Polygon",
        "coordinates": [
          [
            [45.9618973, 35.2542037],
            [45.9601456, 35.2539342],
            [45.9601456, 35.2533952],
            [45.9602803, 35.2530583],
            [45.9605498, 35.2529236],
            [45.9606845, 35.2527214],
            [45.9606845, 35.2524519],
            [45.9608193, 35.2522498],
            [45.9610888, 35.2521151],
            [45.9612235, 35.2519803],
            [45.9612235, 35.2518456],
            [45.9613583, 35.2517782],
            [45.9616278, 35.2517782],
            [45.9617625, 35.2517108],
            [45.9617625, 35.2515761],
            [45.9620994, 35.2515087],
            [45.9627731, 35.2515087],
            [45.96311, 35.2514413],
            [45.96311, 35.2513066],
            [45.9633795, 35.2512392],
            [45.9639185, 35.2512392],
            [45.964188, 35.2513066],
            [45.964188, 35.2514413],
            [45.9644575, 35.2515087],
            [45.9649965, 35.2515087],
            [45.965266, 35.2515761],
            [45.965266, 35.2517108],
            [45.9654007, 35.2517782],
            [45.9656702, 35.2517782],
            [45.9658049, 35.2518456],
            [45.9658049, 35.2519803],
            [45.9659397, 35.2521151],
            [45.9662092, 35.2522498],
            [45.9663439, 35.2523846],
            [45.9663439, 35.2525193],
            [45.9664113, 35.2525867],
            [45.9665461, 35.2525867],
            [45.9666134, 35.2526541],
            [45.9666134, 35.2527888],
            [45.9666808, 35.2528562],
            [45.9668155, 35.2528562],
            [45.9668829, 35.2529909],
            [45.9668829, 35.2532604],
            [45.9669503, 35.2533952],
            [45.967085, 35.2533952],
            [45.9671524, 35.2535973],
            [45.9671524, 35.2540015],
            [45.9654007, 35.2542037],
            [45.9618973, 35.2542037]
          ]
        ]
      }
    },
    {
      "type": "Feature",
      "properties": {
        "parcel_id": "P0017",
        "crop_code": 2,
        "crop_name": "冬小麦",
        "province": "全国重要农区",
        "agri_zone": "全国重要农作物优势聚集片区",
        "area_tier": "规范规整农田区 (<10万亩)",
        "area_mu": 287.55,
        "area_ha": 19.1702,
        "area_m2": 191701.8,
        "perimeter_m": 1592.1,
        "compactness": 0.95,
        "machinery_suitability": "优 (规整适机)",
        "dominant_purity": 1.0,
        "mean_confidence": 1.0,
        "center_lon": 43.5304929,
        "center_lat": 32.4620242,
        "center_utm_x": 361891.27,
        "center_utm_y": 3592600.2
      },
      "geometry": {
        "type": "Polygon",
        "coordinates": [
          [
            [43.5299108, 32.4641262],
            [43.5295739, 32.4640588],
            [43.5295739, 32.4639241],
            [43.5293718, 32.4638567],
            [43.5289675, 32.4638567],
            [43.5287654, 32.4628461],
            [43.5287654, 32.4608249],
            [43.5291023, 32.4598143],
            [43.529776, 32.4598143],
            [43.5301129, 32.4597469],
            [43.5301129, 32.4596122],
            [43.5302476, 32.4595448],
            [43.5305171, 32.4595448],
            [43.5306519, 32.4596122],
            [43.5306519, 32.4597469],
            [43.530854, 32.4598143],
            [43.5312582, 32.4598143],
            [43.5314604, 32.4598817],
            [43.5314604, 32.4600164],
            [43.5315951, 32.4600838],
            [43.5318646, 32.4600838],
            [43.5320667, 32.4602185],
            [43.5322015, 32.460488],
            [43.5323362, 32.4606228],
            [43.532471, 32.4606228],
            [43.5325383, 32.4606902],
            [43.5325383, 32.4608249],
            [43.5326057, 32.4608923],
            [43.5327405, 32.4608923],
            [43.5328078, 32.4613639],
            [43.5328078, 32.4623071],
            [43.5327405, 32.4627787],
            [43.5326057, 32.4627787],
            [43.5325383, 32.4629135],
            [43.5325383, 32.463183],
            [43.532471, 32.4633177],
            [43.5323362, 32.4633177],
            [43.5322688, 32.4633851],
            [43.5322688, 32.4635199],
            [43.5321341, 32.4635872],
            [43.5318646, 32.4635872],
            [43.5317298, 32.4636546],
            [43.5317298, 32.4637894],
            [43.5315277, 32.4638567],
            [43.5311235, 32.4638567],
            [43.5309214, 32.4639241],
            [43.5309214, 32.4640588],
            [43.5305845, 32.4641262],
            [43.5299108, 32.4641262]
          ]
        ]
      }
    },
    {
      "type": "Feature",
      "properties": {
        "parcel_id": "P0018",
        "crop_code": 2,
        "crop_name": "冬小麦",
        "province": "全国重要农区",
        "agri_zone": "全国重要农作物优势聚集片区",
        "area_tier": "规范规整农田区 (<10万亩)",
        "area_mu": 267.3,
        "area_ha": 17.8202,
        "area_m2": 178201.6,
        "perimeter_m": 1608.0,
        "compactness": 0.866,
        "machinery_suitability": "优 (规整适机)",
        "dominant_purity": 1.0,
        "mean_confidence": 1.0,
        "center_lon": 43.7263804,
        "center_lat": 32.3918774,
        "center_utm_x": 380210.06,
        "center_utm_y": 3584587.0
      },
      "geometry": {
        "type": "Polygon",
        "coordinates": [
          [
            [43.7259007, 32.3932491],
            [43.725227, 32.3931818],
            [43.725227, 32.393047],
            [43.7249575, 32.3929123],
            [43.7244185, 32.3927775],
            [43.7240816, 32.3925754],
            [43.7239469, 32.3923059],
            [43.7238121, 32.3921712],
            [43.7236774, 32.3921712],
            [43.72361, 32.3920364],
            [43.72361, 32.3917669],
            [43.7235426, 32.3916322],
            [43.7234079, 32.3916322],
            [43.7233405, 32.3913627],
            [43.7233405, 32.3908237],
            [43.7249575, 32.3905542],
            [43.7281914, 32.3905542],
            [43.7298084, 32.3906889],
            [43.7298084, 32.3909584],
            [43.729741, 32.3910932],
            [43.7296062, 32.3910932],
            [43.7295389, 32.3912953],
            [43.7295389, 32.3916996],
            [43.7294041, 32.391969],
            [43.7291346, 32.3921038],
            [43.7289999, 32.3923059],
            [43.7289999, 32.3925754],
            [43.7287304, 32.3927775],
            [43.7281914, 32.3929123],
            [43.7279219, 32.393047],
            [43.7279219, 32.3931818],
            [43.7272482, 32.3932491],
            [43.7259007, 32.3932491]
          ]
        ]
      }
    },
    {
      "type": "Feature",
      "properties": {
        "parcel_id": "P0019",
        "crop_code": 2,
        "crop_name": "冬小麦",
        "province": "全国重要农区",
        "agri_zone": "全国重要农作物优势聚集片区",
        "area_tier": "规范规整农田区 (<10万亩)",
        "area_mu": 257.85,
        "area_ha": 17.1902,
        "area_m2": 171901.6,
        "perimeter_m": 1550.6,
        "compactness": 0.898,
        "machinery_suitability": "优 (规整适机)",
        "dominant_purity": 1.0,
        "mean_confidence": 1.0,
        "center_lon": 43.5307354,
        "center_lat": 34.3369869,
        "center_utm_x": 364849.31,
        "center_utm_y": 3800499.01
      },
      "geometry": {
        "type": "Polygon",
        "coordinates": [
          [
            [43.5297086, 34.3387306],
            [43.5295739, 34.3386632],
            [43.5295739, 34.3385284],
            [43.5294391, 34.3384611],
            [43.5291696, 34.3384611],
            [43.5290349, 34.3383937],
            [43.5290349, 34.3382589],
            [43.5289675, 34.3381916],
            [43.5288328, 34.3381916],
            [43.5287654, 34.3373831],
            [43.5287654, 34.3357661],
            [43.5289002, 34.3349576],
            [43.5291696, 34.3349576],
            [43.5293044, 34.335025],
            [43.5293044, 34.3351598],
            [43.5300455, 34.3352271],
            [43.5315277, 34.3352271],
            [43.5322688, 34.3352945],
            [43.5322688, 34.3354292],
            [43.5324036, 34.3354966],
            [43.5326731, 34.3354966],
            [43.5328078, 34.335564],
            [43.5328078, 34.3356987],
            [43.5328752, 34.3357661],
            [43.5330099, 34.3357661],
            [43.5330773, 34.336103],
            [43.5330773, 34.3367767],
            [43.5331447, 34.3371136],
            [43.5332794, 34.3371136],
            [43.5333468, 34.3373157],
            [43.5333468, 34.33772],
            [43.5332794, 34.3379221],
            [43.5331447, 34.3379221],
            [43.5330773, 34.3379894],
            [43.5330773, 34.3381242],
            [43.5328752, 34.3381916],
            [43.532471, 34.3381916],
            [43.5322688, 34.3382589],
            [43.5322688, 34.3383937],
            [43.5317298, 34.3384611],
            [43.5306519, 34.3384611],
            [43.5301129, 34.3385284],
            [43.5301129, 34.3386632],
            [43.5299781, 34.3387306],
            [43.5297086, 34.3387306]
          ]
        ]
      }
    },
    {
      "type": "Feature",
      "properties": {
        "parcel_id": "P0020",
        "crop_code": 2,
        "crop_name": "冬小麦",
        "province": "全国重要农区",
        "agri_zone": "全国重要农作物优势聚集片区",
        "area_tier": "规范规整农田区 (<10万亩)",
        "area_mu": 238.95,
        "area_ha": 15.9301,
        "area_m2": 159301.5,
        "perimeter_m": 1428.2,
        "compactness": 0.981,
        "machinery_suitability": "优 (规整适机)",
        "dominant_purity": 1.0,
        "mean_confidence": 1.0,
        "center_lon": 43.5647322,
        "center_lat": 32.4751809,
        "center_utm_x": 365129.1,
        "center_utm_y": 3594015.03
      },
      "geometry": {
        "type": "Polygon",
        "coordinates": [
          [
            [43.5643387, 32.4767925],
            [43.5637997, 32.4767251],
            [43.5637997, 32.4765903],
            [43.563665, 32.476523],
            [43.5633955, 32.476523],
            [43.5631933, 32.4763882],
            [43.5630586, 32.4761187],
            [43.5629238, 32.475984],
            [43.5627891, 32.475984],
            [43.5627217, 32.4755797],
            [43.5627217, 32.4747713],
            [43.5627891, 32.474367],
            [43.5629238, 32.474367],
            [43.5629912, 32.4742323],
            [43.5629912, 32.4739628],
            [43.5630586, 32.473828],
            [43.5631933, 32.473828],
            [43.5632607, 32.4737607],
            [43.5632607, 32.4736259],
            [43.5633955, 32.4735585],
            [43.563665, 32.4735585],
            [43.5637997, 32.4734912],
            [43.5637997, 32.4733564],
            [43.5643387, 32.473289],
            [43.5654167, 32.473289],
            [43.5659557, 32.4733564],
            [43.5659557, 32.4734912],
            [43.5660904, 32.4735585],
            [43.5663599, 32.4735585],
            [43.5664946, 32.4736259],
            [43.5664946, 32.4737607],
            [43.566562, 32.473828],
            [43.5666968, 32.473828],
            [43.5667641, 32.4739628],
            [43.5667641, 32.4742323],
            [43.5668315, 32.474367],
            [43.5669663, 32.474367],
            [43.5670336, 32.4747039],
            [43.5670336, 32.4753776],
            [43.5669663, 32.4757145],
            [43.5668315, 32.4757145],
            [43.5667641, 32.4758492],
            [43.5667641, 32.4761187],
            [43.5666968, 32.4762535],
            [43.566562, 32.4762535],
            [43.5664946, 32.4763209],
            [43.5664946, 32.4764556],
            [43.5663599, 32.476523],
            [43.5660904, 32.476523],
            [43.5659557, 32.4765903],
            [43.5659557, 32.4767251],
            [43.5654167, 32.4767925],
            [43.5643387, 32.4767925]
          ]
        ]
      }
    },
    {
      "type": "Feature",
      "properties": {
        "parcel_id": "P0021",
        "crop_code": 2,
        "crop_name": "冬小麦",
        "province": "全国重要农区",
        "agri_zone": "全国重要农作物优势聚集片区",
        "area_tier": "规范规整农田区 (<10万亩)",
        "area_mu": 238.95,
        "area_ha": 15.9301,
        "area_m2": 159301.5,
        "perimeter_m": 1446.2,
        "compactness": 0.957,
        "machinery_suitability": "优 (规整适机)",
        "dominant_purity": 1.0,
        "mean_confidence": 1.0,
        "center_lon": 43.5812037,
        "center_lat": 32.4197162,
        "center_utm_x": 366595.33,
        "center_utm_y": 3587845.24
      },
      "geometry": {
        "type": "Polygon",
        "coordinates": [
          [
            [43.5810474, 32.4215461],
            [43.5807779, 32.4214787],
            [43.5807779, 32.421344],
            [43.5806431, 32.4212766],
            [43.5803736, 32.4212766],
            [43.5802389, 32.4212092],
            [43.5802389, 32.4210745],
            [43.5801041, 32.4210071],
            [43.5798346, 32.4210071],
            [43.5796325, 32.4207376],
            [43.5794978, 32.4201986],
            [43.579363, 32.4199291],
            [43.5792283, 32.4199291],
            [43.5791609, 32.4196596],
            [43.5791609, 32.4191206],
            [43.5792283, 32.4188511],
            [43.579363, 32.4188511],
            [43.5794304, 32.4187164],
            [43.5794304, 32.4184469],
            [43.5794978, 32.4183121],
            [43.5796325, 32.4183121],
            [43.5796999, 32.4182448],
            [43.5796999, 32.41811],
            [43.5798346, 32.4180426],
            [43.5801041, 32.4180426],
            [43.5802389, 32.4179753],
            [43.5802389, 32.4178405],
            [43.5807105, 32.4177732],
            [43.5816537, 32.4177732],
            [43.5821253, 32.4178405],
            [43.5821253, 32.4179753],
            [43.5822601, 32.4180426],
            [43.5825296, 32.4180426],
            [43.5826643, 32.41811],
            [43.5826643, 32.4182448],
            [43.5827317, 32.4183121],
            [43.5828664, 32.4183121],
            [43.5829338, 32.4183795],
            [43.5829338, 32.4185143],
            [43.5830686, 32.4185816],
            [43.5833381, 32.4185816],
            [43.5834728, 32.4190533],
            [43.5834728, 32.4199965],
            [43.5833381, 32.4205355],
            [43.5830686, 32.4206702],
            [43.5829338, 32.420805],
            [43.5829338, 32.4209397],
            [43.5827991, 32.4210071],
            [43.5825296, 32.4210071],
            [43.5823948, 32.4210745],
            [43.5823948, 32.4212092],
            [43.5822601, 32.4212766],
            [43.5819906, 32.4212766],
            [43.5818558, 32.421344],
            [43.5818558, 32.4214787],
            [43.5815863, 32.4215461],
            [43.5810474, 32.4215461]
          ]
        ]
      }
    },
    {
      "type": "Feature",
      "properties": {
        "parcel_id": "P0022",
        "crop_code": 2,
        "crop_name": "冬小麦",
        "province": "全国重要农区",
        "agri_zone": "全国重要农作物优势聚集片区",
        "area_tier": "规范规整农田区 (<10万亩)",
        "area_mu": 228.15,
        "area_ha": 15.2101,
        "area_m2": 152101.4,
        "perimeter_m": 1910.0,
        "compactness": 0.524,
        "machinery_suitability": "优 (规整适机)",
        "dominant_purity": 1.0,
        "mean_confidence": 1.0,
        "center_lon": 43.5296386,
        "center_lat": 34.7456485,
        "center_utm_x": 365408.01,
        "center_utm_y": 3845821.44
      },
      "geometry": {
        "type": "Polygon",
        "coordinates": [
          [
            [43.5290349, 34.7488339],
            [43.5287654, 34.7470822],
            [43.5287654, 34.743444],
            [43.5288328, 34.741625],
            [43.5289675, 34.741625],
            [43.5290349, 34.7416923],
            [43.5290349, 34.7418271],
            [43.5291696, 34.7418945],
            [43.5294391, 34.7418945],
            [43.5295739, 34.7420292],
            [43.5295739, 34.7422987],
            [43.5296413, 34.7424334],
            [43.529776, 34.7424334],
            [43.5298434, 34.7427703],
            [43.5298434, 34.743444],
            [43.5299108, 34.7437809],
            [43.5300455, 34.7437809],
            [43.5301129, 34.7438483],
            [43.5301129, 34.743983],
            [43.530315, 34.7440504],
            [43.5307192, 34.7440504],
            [43.5309214, 34.7441178],
            [43.5309214, 34.7442525],
            [43.5310561, 34.7443199],
            [43.5313256, 34.7443199],
            [43.5314604, 34.7447915],
            [43.5314604, 34.7457348],
            [43.5313256, 34.7462064],
            [43.5310561, 34.7462064],
            [43.5309214, 34.7462737],
            [43.5309214, 34.7464085],
            [43.530854, 34.7464759],
            [43.5307192, 34.7464759],
            [43.5306519, 34.7467454],
            [43.5306519, 34.7472843],
            [43.5305845, 34.7475538],
            [43.5304497, 34.7475538],
            [43.5303824, 34.7476886],
            [43.5303824, 34.7479581],
            [43.5302476, 34.7481602],
            [43.5299781, 34.748295],
            [43.5298434, 34.7484297],
            [43.5298434, 34.7485644],
            [43.5295739, 34.7486992],
            [43.5290349, 34.7488339]
          ]
        ]
      }
    },
    {
      "type": "Feature",
      "properties": {
        "parcel_id": "P0023",
        "crop_code": 2,
        "crop_name": "冬小麦",
        "province": "全国重要农区",
        "agri_zone": "全国重要农作物优势聚集片区",
        "area_tier": "规范规整农田区 (<10万亩)",
        "area_mu": 225.45,
        "area_ha": 15.0301,
        "area_m2": 150301.4,
        "perimeter_m": 1429.5,
        "compactness": 0.924,
        "machinery_suitability": "优 (规整适机)",
        "dominant_purity": 1.0,
        "mean_confidence": 1.0,
        "center_lon": 43.5300401,
        "center_lat": 34.7321468,
        "center_utm_x": 365422.87,
        "center_utm_y": 3844323.51
      },
      "geometry": {
        "type": "Polygon",
        "coordinates": [
          [
            [43.5289675, 34.7343486],
            [43.5287654, 34.7332033],
            [43.5287654, 34.7309126],
            [43.5291696, 34.7297672],
            [43.5299781, 34.7297672],
            [43.5303824, 34.7298346],
            [43.5303824, 34.7299693],
            [43.5305171, 34.7300367],
            [43.5307866, 34.7300367],
            [43.5309887, 34.7301714],
            [43.5311235, 34.7304409],
            [43.5312582, 34.7305757],
            [43.531393, 34.7305757],
            [43.5314604, 34.7306431],
            [43.5314604, 34.7307778],
            [43.5315277, 34.7308452],
            [43.5316625, 34.7308452],
            [43.5317298, 34.7309799],
            [43.5317298, 34.7312494],
            [43.5317972, 34.7313842],
            [43.531932, 34.7313842],
            [43.5319993, 34.7317884],
            [43.5319993, 34.7325969],
            [43.5318646, 34.7330685],
            [43.5315951, 34.7332033],
            [43.5314604, 34.733338],
            [43.5314604, 34.7334727],
            [43.531393, 34.7335401],
            [43.5312582, 34.7335401],
            [43.5311909, 34.7336075],
            [43.5311909, 34.7337422],
            [43.5310561, 34.7338096],
            [43.5307866, 34.7338096],
            [43.5306519, 34.733877],
            [43.5306519, 34.7340117],
            [43.5303824, 34.7340791],
            [43.5298434, 34.7340791],
            [43.5295739, 34.7341465],
            [43.5295739, 34.7342812],
            [43.5293718, 34.7343486],
            [43.5289675, 34.7343486]
          ]
        ]
      }
    },
    {
      "type": "Feature",
      "properties": {
        "parcel_id": "P0024",
        "crop_code": 2,
        "crop_name": "冬小麦",
        "province": "全国重要农区",
        "agri_zone": "全国重要农作物优势聚集片区",
        "area_tier": "规范规整农田区 (<10万亩)",
        "area_mu": 224.1,
        "area_ha": 14.9401,
        "area_m2": 149401.4,
        "perimeter_m": 1363.8,
        "compactness": 1.0,
        "machinery_suitability": "优 (规整适机)",
        "dominant_purity": 1.0,
        "mean_confidence": 1.0,
        "center_lon": 43.5306707,
        "center_lat": 34.7524101,
        "center_utm_x": 365513.45,
        "center_utm_y": 3846569.95
      },
      "geometry": {
        "type": "Polygon",
        "coordinates": [
          [
            [43.5305845, 34.7540217],
            [43.5301129, 34.7539543],
            [43.5301129, 34.7538196],
            [43.5299781, 34.7537522],
            [43.5297086, 34.7537522],
            [43.5295739, 34.7536848],
            [43.5295739, 34.7535501],
            [43.5294391, 34.7534827],
            [43.5291696, 34.7534827],
            [43.5290349, 34.7534153],
            [43.5290349, 34.7532806],
            [43.5289675, 34.7532132],
            [43.5288328, 34.7532132],
            [43.5287654, 34.7527416],
            [43.5287654, 34.7517984],
            [43.5289002, 34.7512594],
            [43.5291696, 34.7511246],
            [43.5293044, 34.7509899],
            [43.5293044, 34.7508552],
            [43.5294391, 34.7507878],
            [43.5297086, 34.7507878],
            [43.5298434, 34.7507204],
            [43.5298434, 34.7505857],
            [43.530315, 34.7505183],
            [43.5312582, 34.7505183],
            [43.5317298, 34.7505857],
            [43.5317298, 34.7507204],
            [43.5318646, 34.7507878],
            [43.5321341, 34.7507878],
            [43.5322688, 34.7508552],
            [43.5322688, 34.7509899],
            [43.5323362, 34.7510573],
            [43.532471, 34.7510573],
            [43.5325383, 34.751192],
            [43.5325383, 34.7514615],
            [43.5326057, 34.7515963],
            [43.5327405, 34.7515963],
            [43.5328078, 34.7520005],
            [43.5328078, 34.752809],
            [43.5327405, 34.7532132],
            [43.5326057, 34.7532132],
            [43.5325383, 34.753348],
            [43.5325383, 34.7536175],
            [43.5324036, 34.7537522],
            [43.5321341, 34.7537522],
            [43.5319993, 34.7538196],
            [43.5319993, 34.7539543],
            [43.5315277, 34.7540217],
            [43.5305845, 34.7540217]
          ]
        ]
      }
    },
    {
      "type": "Feature",
      "properties": {
        "parcel_id": "P0025",
        "crop_code": 2,
        "crop_name": "冬小麦",
        "province": "全国重要农区",
        "agri_zone": "全国重要农作物优势聚集片区",
        "area_tier": "规范规整农田区 (<10万亩)",
        "area_mu": 217.35,
        "area_ha": 14.4901,
        "area_m2": 144901.3,
        "perimeter_m": 1344.8,
        "compactness": 1.0,
        "machinery_suitability": "优 (规整适机)",
        "dominant_purity": 1.0,
        "mean_confidence": 1.0,
        "center_lon": 43.5338696,
        "center_lat": 34.7111209,
        "center_utm_x": 365739.5,
        "center_utm_y": 3841986.53
      },
      "geometry": {
        "type": "Polygon",
        "coordinates": [
          [
            [43.5336163, 34.712789],
            [43.5333468, 34.7127217],
            [43.5333468, 34.7125869],
            [43.5332121, 34.7125195],
            [43.5329426, 34.7125195],
            [43.5328078, 34.7124522],
            [43.5328078, 34.7123174],
            [43.5326731, 34.7122501],
            [43.5324036, 34.7122501],
            [43.5322688, 34.7121827],
            [43.5322688, 34.7120479],
            [43.5322015, 34.7119806],
            [43.5320667, 34.7119806],
            [43.5319993, 34.7115089],
            [43.5319993, 34.7105657],
            [43.5321341, 34.7100267],
            [43.5324036, 34.709892],
            [43.5325383, 34.7097572],
            [43.5325383, 34.7096225],
            [43.5326731, 34.7095551],
            [43.5329426, 34.7095551],
            [43.5330773, 34.7094877],
            [43.5330773, 34.709353],
            [43.5335489, 34.7092856],
            [43.5344922, 34.7092856],
            [43.5349638, 34.709353],
            [43.5349638, 34.7094877],
            [43.5350985, 34.7095551],
            [43.535368, 34.7095551],
            [43.5355701, 34.7096899],
            [43.5357049, 34.7099593],
            [43.5358396, 34.7100941],
            [43.5359744, 34.7100941],
            [43.5360418, 34.7104983],
            [43.5360418, 34.7113068],
            [43.5359744, 34.7117111],
            [43.5358396, 34.7117111],
            [43.5357723, 34.7118458],
            [43.5357723, 34.7121153],
            [43.5356375, 34.7122501],
            [43.535368, 34.7122501],
            [43.5352333, 34.7123174],
            [43.5352333, 34.7124522],
            [43.5350312, 34.7125195],
            [43.5346269, 34.7125195],
            [43.5344248, 34.7125869],
            [43.5344248, 34.7127217],
            [43.5341553, 34.712789],
            [43.5336163, 34.712789]
          ]
        ]
      }
    },
    {
      "type": "Feature",
      "properties": {
        "parcel_id": "P0026",
        "crop_code": 1,
        "crop_name": "夏玉米",
        "province": "全国重要农区",
        "agri_zone": "全国重要农作物优势聚集片区",
        "area_tier": "规范规整农田区 (<10万亩)",
        "area_mu": 207.9,
        "area_ha": 13.8601,
        "area_m2": 138601.3,
        "perimeter_m": 2573.8,
        "compactness": 0.263,
        "machinery_suitability": "良 (基本适机)",
        "dominant_purity": 1.0,
        "mean_confidence": 1.0,
        "center_lon": 43.7231438,
        "center_lat": 32.3933138,
        "center_utm_x": 379907.52,
        "center_utm_y": 3584749.87
      },
      "geometry": {
        "type": "Polygon",
        "coordinates": [
          [
            [43.7266418, 32.3959441],
            [43.7264397, 32.3956746],
            [43.7261702, 32.3951356],
            [43.7257659, 32.3947987],
            [43.725227, 32.394664],
            [43.7248901, 32.3944619],
            [43.7247553, 32.3941924],
            [43.7244185, 32.3939903],
            [43.7238795, 32.3938555],
            [43.72361, 32.3937208],
            [43.72361, 32.393586],
            [43.7229363, 32.3935186],
            [43.7215888, 32.3935186],
            [43.720915, 32.393586],
            [43.720915, 32.3937208],
            [43.7206456, 32.3937881],
            [43.7201066, 32.3937881],
            [43.7198371, 32.3938555],
            [43.7198371, 32.3939903],
            [43.7195002, 32.3940576],
            [43.7188265, 32.3940576],
            [43.7184896, 32.3939903],
            [43.7184896, 32.3938555],
            [43.7186917, 32.3937881],
            [43.719096, 32.3937881],
            [43.7192981, 32.3937208],
            [43.7192981, 32.393586],
            [43.7194328, 32.3935186],
            [43.7197023, 32.3935186],
            [43.7198371, 32.3934513],
            [43.7198371, 32.3933165],
            [43.7199718, 32.3932491],
            [43.7202413, 32.3932491],
            [43.7204434, 32.3931144],
            [43.7205782, 32.3928449],
            [43.7207129, 32.3927102],
            [43.7208477, 32.3927102],
            [43.720915, 32.3926428],
            [43.720915, 32.392508],
            [43.7209824, 32.3924407],
            [43.7211172, 32.3924407],
            [43.7212519, 32.3921712],
            [43.7213867, 32.3916322],
            [43.7215214, 32.3913627],
            [43.7216562, 32.3913627],
            [43.7217235, 32.3911606],
            [43.7217235, 32.3907563],
            [43.721993, 32.3905542],
            [43.722532, 32.3905542],
            [43.7228015, 32.3908237],
            [43.7228015, 32.3913627],
            [43.7228689, 32.3916322],
            [43.7230036, 32.3916322],
            [43.723071, 32.3917669],
            [43.723071, 32.3920364],
            [43.7231384, 32.3921712],
            [43.7232731, 32.3921712],
            [43.7234079, 32.3923059],
            [43.7235426, 32.3925754],
            [43.7236774, 32.3927102],
            [43.7238121, 32.3927102],
            [43.7238795, 32.3927775],
            [43.7238795, 32.3929123],
            [43.7239469, 32.3929797],
            [43.7240816, 32.3929797],
            [43.724149, 32.393047],
            [43.724149, 32.3931818],
            [43.7244185, 32.3933165],
            [43.7249575, 32.3934513],
            [43.725227, 32.393586],
            [43.725227, 32.3937208],
            [43.7258333, 32.3937881],
            [43.727046, 32.3937881],
            [43.727585, 32.3939229],
            [43.7274503, 32.3941924],
            [43.7273155, 32.3943271],
            [43.7271808, 32.3943271],
            [43.7271134, 32.3944619],
            [43.7271134, 32.3947314],
            [43.727046, 32.3948661],
            [43.7269113, 32.3948661],
            [43.7268439, 32.3951356],
            [43.7268439, 32.3956746],
            [43.7267766, 32.3959441],
            [43.7266418, 32.3959441]
          ]
        ]
      }
    },
    {
      "type": "Feature",
      "properties": {
        "parcel_id": "P0027",
        "crop_code": 2,
        "crop_name": "冬小麦",
        "province": "全国重要农区",
        "agri_zone": "全国重要农作物优势聚集片区",
        "area_tier": "规范规整农田区 (<10万亩)",
        "area_mu": 205.2,
        "area_ha": 13.6801,
        "area_m2": 136801.3,
        "perimeter_m": 1294.1,
        "compactness": 1.0,
        "machinery_suitability": "优 (规整适机)",
        "dominant_purity": 1.0,
        "mean_confidence": 1.0,
        "center_lon": 43.5329291,
        "center_lat": 34.4993305,
        "center_utm_x": 365311.73,
        "center_utm_y": 3818499.81
      },
      "geometry": {
        "type": "Polygon",
        "coordinates": [
          [
            [43.5326057, 34.5009663],
            [43.5322688, 34.5008989],
            [43.5322688, 34.5007642],
            [43.5321341, 34.5006968],
            [43.5318646, 34.5006968],
            [43.5316625, 34.5005621],
            [43.5315277, 34.5002926],
            [43.531393, 34.5001578],
            [43.5312582, 34.5001578],
            [43.5311909, 34.4996862],
            [43.5311909, 34.498743],
            [43.5313256, 34.498204],
            [43.5315951, 34.4980692],
            [43.5317298, 34.4979345],
            [43.5317298, 34.4977997],
            [43.5318646, 34.4977324],
            [43.5321341, 34.4977324],
            [43.5322688, 34.497665],
            [43.5322688, 34.4975302],
            [43.5326731, 34.4974629],
            [43.5334816, 34.4974629],
            [43.5338858, 34.4975302],
            [43.5338858, 34.497665],
            [43.5340206, 34.4977324],
            [43.53429, 34.4977324],
            [43.5344922, 34.4978671],
            [43.5346269, 34.4981366],
            [43.5347617, 34.4982714],
            [43.5348964, 34.4982714],
            [43.5349638, 34.498743],
            [43.5349638, 34.4996862],
            [43.5348964, 34.5001578],
            [43.5347617, 34.5001578],
            [43.5346943, 34.5002252],
            [43.5346943, 34.5003599],
            [43.5345595, 34.5004273],
            [43.53429, 34.5004273],
            [43.5341553, 34.5004947],
            [43.5341553, 34.5006294],
            [43.5340206, 34.5006968],
            [43.5337511, 34.5006968],
            [43.5336163, 34.5007642],
            [43.5336163, 34.5008989],
            [43.5332794, 34.5009663],
            [43.5326057, 34.5009663]
          ]
        ]
      }
    },
    {
      "type": "Feature",
      "properties": {
        "parcel_id": "P0028",
        "crop_code": 2,
        "crop_name": "冬小麦",
        "province": "全国重要农区",
        "agri_zone": "全国重要农作物优势聚集片区",
        "area_tier": "规范规整农田区 (<10万亩)",
        "area_mu": 199.8,
        "area_ha": 13.3201,
        "area_m2": 133201.2,
        "perimeter_m": 1315.5,
        "compactness": 0.967,
        "machinery_suitability": "优 (规整适机)",
        "dominant_purity": 1.0,
        "mean_confidence": 1.0,
        "center_lon": 43.5302126,
        "center_lat": 34.5900882,
        "center_utm_x": 365208.76,
        "center_utm_y": 3828568.55
      },
      "geometry": {
        "type": "Polygon",
        "coordinates": [
          [
            [43.5294391, 34.591786],
            [43.5290349, 34.5917186],
            [43.5290349, 34.5915839],
            [43.5289675, 34.5915165],
            [43.5288328, 34.5915165],
            [43.5287654, 34.590708],
            [43.5287654, 34.589091],
            [43.5290349, 34.5882825],
            [43.5295739, 34.5882825],
            [43.5298434, 34.5882152],
            [43.5298434, 34.5880804],
            [43.5299108, 34.588013],
            [43.5300455, 34.588013],
            [43.5301129, 34.5880804],
            [43.5301129, 34.5882152],
            [43.5303824, 34.5882825],
            [43.5309214, 34.5882825],
            [43.5311909, 34.5883499],
            [43.5311909, 34.5884847],
            [43.5313256, 34.588552],
            [43.5315951, 34.588552],
            [43.5317972, 34.5886868],
            [43.531932, 34.5889563],
            [43.5320667, 34.589091],
            [43.5322015, 34.589091],
            [43.5322688, 34.5894279],
            [43.5322688, 34.5901016],
            [43.5322015, 34.5904385],
            [43.5320667, 34.5904385],
            [43.5319993, 34.5905732],
            [43.5319993, 34.5908427],
            [43.531932, 34.5909775],
            [43.5317972, 34.5909775],
            [43.5317298, 34.5910449],
            [43.5317298, 34.5911796],
            [43.5314604, 34.5913144],
            [43.5309214, 34.5914491],
            [43.5306519, 34.5915839],
            [43.5306519, 34.5917186],
            [43.5302476, 34.591786],
            [43.5294391, 34.591786]
          ]
        ]
      }
    },
    {
      "type": "Feature",
      "properties": {
        "parcel_id": "P0029",
        "crop_code": 2,
        "crop_name": "冬小麦",
        "province": "全国重要农区",
        "agri_zone": "全国重要农作物优势聚集片区",
        "area_tier": "规范规整农田区 (<10万亩)",
        "area_mu": 194.4,
        "area_ha": 12.9601,
        "area_m2": 129601.2,
        "perimeter_m": 1283.9,
        "compactness": 0.988,
        "machinery_suitability": "优 (规整适机)",
        "dominant_purity": 1.0,
        "mean_confidence": 1.0,
        "center_lon": 43.52997,
        "center_lat": 34.5026533,
        "center_utm_x": 365045.4,
        "center_utm_y": 3818872.25
      },
      "geometry": {
        "type": "Polygon",
        "coordinates": [
          [
            [43.529237, 34.5044697],
            [43.5287654, 34.5034591],
            [43.5287654, 34.5014379],
            [43.5291023, 34.5004273],
            [43.529776, 34.5004273],
            [43.5301129, 34.5004947],
            [43.5301129, 34.5006294],
            [43.5302476, 34.5006968],
            [43.5305171, 34.5006968],
            [43.5306519, 34.5007642],
            [43.5306519, 34.5008989],
            [43.5307866, 34.5009663],
            [43.5310561, 34.5009663],
            [43.5311909, 34.5010337],
            [43.5311909, 34.5011684],
            [43.5312582, 34.5012358],
            [43.531393, 34.5012358],
            [43.5314604, 34.5013705],
            [43.5314604, 34.50164],
            [43.5315277, 34.5017748],
            [43.5316625, 34.5017748],
            [43.5317298, 34.5022464],
            [43.5317298, 34.5031896],
            [43.5315951, 34.5037286],
            [43.5313256, 34.5038634],
            [43.5311909, 34.5039981],
            [43.5311909, 34.5041329],
            [43.5310561, 34.5042002],
            [43.5307866, 34.5042002],
            [43.5306519, 34.5042676],
            [43.5306519, 34.5044024],
            [43.5301803, 34.5044697],
            [43.529237, 34.5044697]
          ]
        ]
      }
    },
    {
      "type": "Feature",
      "properties": {
        "parcel_id": "P0030",
        "crop_code": 2,
        "crop_name": "冬小麦",
        "province": "全国重要农区",
        "agri_zone": "全国重要农作物优势聚集片区",
        "area_tier": "规范规整农田区 (<10万亩)",
        "area_mu": 193.05,
        "area_ha": 12.8701,
        "area_m2": 128701.2,
        "perimeter_m": 1256.8,
        "compactness": 1.0,
        "machinery_suitability": "优 (规整适机)",
        "dominant_purity": 1.0,
        "mean_confidence": 1.0,
        "center_lon": 43.5302342,
        "center_lat": 34.7388276,
        "center_utm_x": 365451.47,
        "center_utm_y": 3845064.18
      },
      "geometry": {
        "type": "Polygon",
        "coordinates": [
          [
            [43.5294391, 34.7402775],
            [43.5287654, 34.739469],
            [43.5287654, 34.737852],
            [43.5289675, 34.7370436],
            [43.5293718, 34.7370436],
            [43.5295739, 34.7369762],
            [43.5295739, 34.7368414],
            [43.5297086, 34.7367741],
            [43.5299781, 34.7367741],
            [43.5301129, 34.7368414],
            [43.5301129, 34.7369762],
            [43.530315, 34.7370436],
            [43.5307192, 34.7370436],
            [43.5309214, 34.7371109],
            [43.5309214, 34.7372457],
            [43.5310561, 34.737313],
            [43.5313256, 34.737313],
            [43.5315277, 34.7374478],
            [43.5316625, 34.7377173],
            [43.5317972, 34.737852],
            [43.531932, 34.737852],
            [43.5319993, 34.7379194],
            [43.5319993, 34.7380542],
            [43.5320667, 34.7381215],
            [43.5322015, 34.7381215],
            [43.5322688, 34.7385258],
            [43.5322688, 34.7393343],
            [43.5322015, 34.7397385],
            [43.5320667, 34.7397385],
            [43.5319993, 34.7398059],
            [43.5319993, 34.7399406],
            [43.5318646, 34.740008],
            [43.5315951, 34.740008],
            [43.5314604, 34.7400754],
            [43.5314604, 34.7402101],
            [43.5307866, 34.7402775],
            [43.5294391, 34.7402775]
          ]
        ]
      }
    },
    {
      "type": "Feature",
      "properties": {
        "parcel_id": "P0031",
        "crop_code": 1,
        "crop_name": "夏玉米",
        "province": "全国重要农区",
        "agri_zone": "全国重要农作物优势聚集片区",
        "area_tier": "规范规整农田区 (<10万亩)",
        "area_mu": 189.0,
        "area_ha": 12.6001,
        "area_m2": 126001.2,
        "perimeter_m": 1930.3,
        "compactness": 0.425,
        "machinery_suitability": "良 (基本适机)",
        "dominant_purity": 1.0,
        "mean_confidence": 1.0,
        "center_lon": 43.6173644,
        "center_lat": 34.3573203,
        "center_utm_x": 372849.19,
        "center_utm_y": 3802642.01
      },
      "geometry": {
        "type": "Polygon",
        "coordinates": [
          [
            [43.618305, 34.3602901],
            [43.6182376, 34.3602227],
            [43.6182376, 34.360088],
            [43.6181702, 34.3600206],
            [43.6180355, 34.3600206],
            [43.6179681, 34.3597511],
            [43.6179681, 34.3592121],
            [43.6179007, 34.3589427],
            [43.617766, 34.3589427],
            [43.6176312, 34.3588079],
            [43.6174965, 34.3585384],
            [43.6173618, 34.3584037],
            [43.617227, 34.3584037],
            [43.6171596, 34.3583363],
            [43.6171596, 34.3582015],
            [43.6170923, 34.3581342],
            [43.6169575, 34.3581342],
            [43.6168901, 34.3580668],
            [43.6168901, 34.357932],
            [43.6166206, 34.3577973],
            [43.6160817, 34.3576626],
            [43.6158122, 34.3575278],
            [43.6158122, 34.3573931],
            [43.61561, 34.3573257],
            [43.6152058, 34.3573257],
            [43.6150037, 34.3572583],
            [43.6150037, 34.3571236],
            [43.6151384, 34.3570562],
            [43.6154079, 34.3570562],
            [43.6155427, 34.3569888],
            [43.6155427, 34.3568541],
            [43.61561, 34.3567867],
            [43.6157448, 34.3567867],
            [43.6158122, 34.3566519],
            [43.6158122, 34.3563825],
            [43.6158795, 34.3562477],
            [43.6160143, 34.3562477],
            [43.6160817, 34.3561803],
            [43.6160817, 34.3560456],
            [43.616149, 34.3559782],
            [43.6162838, 34.3559782],
            [43.6164185, 34.355574],
            [43.6165533, 34.3547655],
            [43.6167554, 34.3544286],
            [43.6170249, 34.3545634],
            [43.6171596, 34.3546981],
            [43.6171596, 34.3548329],
            [43.6172944, 34.3549002],
            [43.6175639, 34.3549002],
            [43.617766, 34.355035],
            [43.6179007, 34.3553045],
            [43.6181029, 34.3554392],
            [43.6183724, 34.3554392],
            [43.6185071, 34.3555066],
            [43.6185071, 34.3556413],
            [43.6185745, 34.3557087],
            [43.6187092, 34.3557087],
            [43.6187766, 34.3558435],
            [43.6187766, 34.356113],
            [43.6186419, 34.3563151],
            [43.6183724, 34.3564498],
            [43.6182376, 34.3567867],
            [43.6182376, 34.3573257],
            [43.618305, 34.3575952],
            [43.6184397, 34.3575952],
            [43.6185071, 34.3577973],
            [43.6185071, 34.3582015],
            [43.6185745, 34.3584037],
            [43.6187092, 34.3584037],
            [43.6187766, 34.358471],
            [43.6187766, 34.3586058],
            [43.6189113, 34.3586732],
            [43.6191808, 34.3586732],
            [43.6193156, 34.3587405],
            [43.6193156, 34.3588753],
            [43.6194503, 34.3589427],
            [43.6197198, 34.3589427],
            [43.6198546, 34.35901],
            [43.6198546, 34.3591448],
            [43.6197198, 34.3592121],
            [43.6194503, 34.3592121],
            [43.6193156, 34.3592795],
            [43.6193156, 34.3594143],
            [43.6191808, 34.359549],
            [43.6189113, 34.3596838],
            [43.6187766, 34.3598185],
            [43.6187766, 34.3599533],
            [43.6187092, 34.3600206],
            [43.6185745, 34.3600206],
            [43.6185071, 34.360088],
            [43.6185071, 34.3602227],
            [43.6184397, 34.3602901],
            [43.618305, 34.3602901]
          ]
        ]
      }
    },
    {
      "type": "Feature",
      "properties": {
        "parcel_id": "P0032",
        "crop_code": 2,
        "crop_name": "冬小麦",
        "province": "全国重要农区",
        "agri_zone": "全国重要农作物优势聚集片区",
        "area_tier": "规范规整农田区 (<10万亩)",
        "area_mu": 184.95,
        "area_ha": 12.3301,
        "area_m2": 123301.1,
        "perimeter_m": 1210.0,
        "compactness": 1.0,
        "machinery_suitability": "优 (规整适机)",
        "dominant_purity": 1.0,
        "mean_confidence": 1.0,
        "center_lon": 43.530094,
        "center_lat": 34.5597215,
        "center_utm_x": 365148.84,
        "center_utm_y": 3825201.0
      },
      "geometry": {
        "type": "Polygon",
        "coordinates": [
          [
            [43.529237, 34.5613331],
            [43.5287654, 34.5604572],
            [43.5287654, 34.5587055],
            [43.529237, 34.5578297],
            [43.5301803, 34.5578297],
            [43.5306519, 34.557897],
            [43.5306519, 34.5580318],
            [43.5307866, 34.5580991],
            [43.5310561, 34.5580991],
            [43.5311909, 34.5581665],
            [43.5311909, 34.5583013],
            [43.5313256, 34.5583686],
            [43.5315951, 34.5583686],
            [43.5317298, 34.5585034],
            [43.5317298, 34.5587729],
            [43.5317972, 34.5589076],
            [43.531932, 34.5589076],
            [43.5319993, 34.5593119],
            [43.5319993, 34.5601204],
            [43.531932, 34.5605246],
            [43.5317972, 34.5605246],
            [43.5317298, 34.560592],
            [43.5317298, 34.5607267],
            [43.5314604, 34.5608615],
            [43.5309214, 34.5609962],
            [43.5306519, 34.561131],
            [43.5306519, 34.5612657],
            [43.5301803, 34.5613331],
            [43.529237, 34.5613331]
          ]
        ]
      }
    },
    {
      "type": "Feature",
      "properties": {
        "parcel_id": "P0033",
        "crop_code": 2,
        "crop_name": "冬小麦",
        "province": "全国重要农区",
        "agri_zone": "全国重要农作物优势聚集片区",
        "area_tier": "规范规整农田区 (<10万亩)",
        "area_mu": 171.45,
        "area_ha": 11.4301,
        "area_m2": 114301.0,
        "perimeter_m": 1668.3,
        "compactness": 0.516,
        "machinery_suitability": "优 (规整适机)",
        "dominant_purity": 1.0,
        "mean_confidence": 1.0,
        "center_lon": 46.2982184,
        "center_lat": 32.3913384,
        "center_utm_x": 622104.47,
        "center_utm_y": 3584555.07
      },
      "geometry": {
        "type": "Polygon",
        "coordinates": [
          [
            [46.299035, 32.3921038],
            [46.2983613, 32.3921038],
            [46.2983613, 32.391969],
            [46.2978223, 32.3919017],
            [46.2967443, 32.3919017],
            [46.2962053, 32.3918343],
            [46.2962053, 32.3916996],
            [46.2960032, 32.3916322],
            [46.2955989, 32.3916322],
            [46.2953294, 32.3914974],
            [46.2951947, 32.3912279],
            [46.29506, 32.3910932],
            [46.2949252, 32.3910932],
            [46.2948578, 32.3910258],
            [46.2948578, 32.3908911],
            [46.2947231, 32.3908911],
            [46.2944536, 32.3910258],
            [46.2942515, 32.3909584],
            [46.2941167, 32.3906889],
            [46.2960032, 32.3905542],
            [46.2999109, 32.3905542],
            [46.3018647, 32.3907563],
            [46.3018647, 32.3911606],
            [46.3017973, 32.3913627],
            [46.3016626, 32.3913627],
            [46.3015952, 32.3914301],
            [46.3015952, 32.3915648],
            [46.3014604, 32.3916322],
            [46.301191, 32.3916322],
            [46.3010562, 32.3916996],
            [46.3010562, 32.3918343],
            [46.3003825, 32.391969],
            [46.299035, 32.3921038]
          ]
        ]
      }
    },
    {
      "type": "Feature",
      "properties": {
        "parcel_id": "P0034",
        "crop_code": 1,
        "crop_name": "夏玉米",
        "province": "全国重要农区",
        "agri_zone": "全国重要农作物优势聚集片区",
        "area_tier": "规范规整农田区 (<10万亩)",
        "area_mu": 164.7,
        "area_ha": 10.9801,
        "area_m2": 109801.0,
        "perimeter_m": 1884.9,
        "compactness": 0.388,
        "machinery_suitability": "良 (基本适机)",
        "dominant_purity": 1.0,
        "mean_confidence": 1.0,
        "center_lon": 43.5763043,
        "center_lat": 34.7306431,
        "center_utm_x": 369656.38,
        "center_utm_y": 3844095.79
      },
      "geometry": {
        "type": "Polygon",
        "coordinates": [
          [
            [43.5743774, 34.7335401],
            [43.57431, 34.7334054],
            [43.57431, 34.7331359],
            [43.5742426, 34.7330011],
            [43.5741079, 34.7330011],
            [43.5740405, 34.7328664],
            [43.5740405, 34.7325969],
            [43.5739731, 34.7324621],
            [43.5738384, 34.7324621],
            [43.573771, 34.7323948],
            [43.573771, 34.73226],
            [43.5740405, 34.7321253],
            [43.5745795, 34.7319905],
            [43.5749164, 34.7317884],
            [43.5750511, 34.7315189],
            [43.5751858, 34.7313842],
            [43.5753206, 34.7313842],
            [43.575388, 34.731182],
            [43.575388, 34.7307778],
            [43.5754553, 34.7305757],
            [43.5755901, 34.7305757],
            [43.5756575, 34.7304409],
            [43.5756575, 34.7301714],
            [43.5757248, 34.7300367],
            [43.5758596, 34.7300367],
            [43.575927, 34.7299019],
            [43.575927, 34.7296325],
            [43.5760617, 34.7294303],
            [43.5763312, 34.7292956],
            [43.5764659, 34.7290935],
            [43.5764659, 34.728824],
            [43.5765333, 34.7286892],
            [43.5766681, 34.7286892],
            [43.5767354, 34.7285545],
            [43.5767354, 34.728285],
            [43.5768028, 34.7281502],
            [43.5769376, 34.7281502],
            [43.5770049, 34.7280829],
            [43.5770049, 34.7279481],
            [43.5771397, 34.7279481],
            [43.5774092, 34.7280829],
            [43.5775439, 34.7282176],
            [43.5775439, 34.7283524],
            [43.5776787, 34.7284197],
            [43.5779482, 34.7284197],
            [43.5780829, 34.7284871],
            [43.5780829, 34.7286218],
            [43.578285, 34.7286892],
            [43.5786893, 34.7286892],
            [43.5788914, 34.7287566],
            [43.5788914, 34.7288913],
            [43.5789588, 34.7289587],
            [43.5790935, 34.7289587],
            [43.5791609, 34.7290261],
            [43.5791609, 34.7291608],
            [43.5790261, 34.7292282],
            [43.5787567, 34.7292282],
            [43.5786219, 34.7292956],
            [43.5786219, 34.7294303],
            [43.5784872, 34.7294977],
            [43.5782177, 34.7294977],
            [43.5780829, 34.7295651],
            [43.5780829, 34.7296998],
            [43.5779482, 34.7298346],
            [43.5776787, 34.7299693],
            [43.5775439, 34.7301041],
            [43.5775439, 34.7302388],
            [43.5774766, 34.7303062],
            [43.5773418, 34.7303062],
            [43.5772744, 34.7303736],
            [43.5772744, 34.7305083],
            [43.5772071, 34.7305757],
            [43.5770723, 34.7305757],
            [43.5770049, 34.7309126],
            [43.5770049, 34.7315863],
            [43.5768028, 34.7319232],
            [43.5763986, 34.7319232],
            [43.5761965, 34.7319905],
            [43.5761965, 34.7321253],
            [43.5760617, 34.7321927],
            [43.5757922, 34.7321927],
            [43.5755901, 34.7323274],
            [43.5754553, 34.7325969],
            [43.5752532, 34.7327316],
            [43.5749837, 34.7327316],
            [43.574849, 34.732799],
            [43.574849, 34.7329338],
            [43.5747816, 34.7330011],
            [43.5746469, 34.7330011],
            [43.5745795, 34.7331359],
            [43.5745795, 34.7334054],
            [43.5745121, 34.7335401],
            [43.5743774, 34.7335401]
          ]
        ]
      }
    },
    {
      "type": "Feature",
      "properties": {
        "parcel_id": "P0035",
        "crop_code": 2,
        "crop_name": "冬小麦",
        "province": "全国重要农区",
        "agri_zone": "全国重要农作物优势聚集片区",
        "area_tier": "规范规整农田区 (<10万亩)",
        "area_mu": 164.7,
        "area_ha": 10.9801,
        "area_m2": 109801.0,
        "perimeter_m": 1321.8,
        "compactness": 0.79,
        "machinery_suitability": "优 (规整适机)",
        "dominant_purity": 1.0,
        "mean_confidence": 1.0,
        "center_lon": 43.5296925,
        "center_lat": 32.5009392,
        "center_utm_x": 361875.51,
        "center_utm_y": 3596915.61
      },
      "geometry": {
        "type": "Polygon",
        "coordinates": [
          [
            [43.5288328, 32.5032029],
            [43.5287654, 32.5020576],
            [43.5287654, 32.4997669],
            [43.5290349, 32.4986215],
            [43.5295739, 32.4986215],
            [43.5298434, 32.4986889],
            [43.5298434, 32.4988236],
            [43.5299781, 32.498891],
            [43.5302476, 32.498891],
            [43.5304497, 32.4990258],
            [43.5305845, 32.4992953],
            [43.5307192, 32.49943],
            [43.530854, 32.49943],
            [43.5309214, 32.4995648],
            [43.5309214, 32.4998343],
            [43.5309887, 32.499969],
            [43.5311235, 32.499969],
            [43.5311909, 32.5004406],
            [43.5311909, 32.5013838],
            [43.5310561, 32.5019228],
            [43.5307866, 32.5020576],
            [43.5306519, 32.5021923],
            [43.5306519, 32.5023271],
            [43.5305845, 32.5023945],
            [43.5304497, 32.5023945],
            [43.5303824, 32.5024618],
            [43.5303824, 32.5025966],
            [43.5302476, 32.5026639],
            [43.5299781, 32.5026639],
            [43.5298434, 32.5027313],
            [43.5298434, 32.5028661],
            [43.5296413, 32.5029334],
            [43.529237, 32.5029334],
            [43.5290349, 32.5030008],
            [43.5290349, 32.5031356],
            [43.5289675, 32.5032029],
            [43.5288328, 32.5032029]
          ]
        ]
      }
    },
    {
      "type": "Feature",
      "properties": {
        "parcel_id": "P0036",
        "crop_code": 2,
        "crop_name": "冬小麦",
        "province": "全国重要农区",
        "agri_zone": "全国重要农作物优势聚集片区",
        "area_tier": "规范规整农田区 (<10万亩)",
        "area_mu": 162.0,
        "area_ha": 10.8001,
        "area_m2": 108001.0,
        "perimeter_m": 1372.4,
        "compactness": 0.721,
        "machinery_suitability": "优 (规整适机)",
        "dominant_purity": 1.0,
        "mean_confidence": 1.0,
        "center_lon": 43.594611,
        "center_lat": 32.3914813,
        "center_utm_x": 367814.93,
        "center_utm_y": 3584698.35
      },
      "geometry": {
        "type": "Polygon",
        "coordinates": [
          [
            [43.5942526, 32.3924407],
            [43.5937136, 32.3923733],
            [43.5937136, 32.3922385],
            [43.5935789, 32.3921712],
            [43.5933094, 32.3921712],
            [43.5931746, 32.3921038],
            [43.5931746, 32.391969],
            [43.5930399, 32.3919017],
            [43.5927704, 32.3919017],
            [43.5926356, 32.3918343],
            [43.5926356, 32.3916996],
            [43.5925009, 32.3916322],
            [43.5922314, 32.3916322],
            [43.5920966, 32.3915648],
            [43.5920966, 32.3914301],
            [43.5920293, 32.3913627],
            [43.5918945, 32.3913627],
            [43.5918271, 32.3911606],
            [43.5918271, 32.3907563],
            [43.5933094, 32.3905542],
            [43.5962738, 32.3905542],
            [43.597756, 32.3906889],
            [43.597756, 32.3909584],
            [43.5976213, 32.3911606],
            [43.5973518, 32.3912953],
            [43.597217, 32.3914301],
            [43.597217, 32.3915648],
            [43.5971497, 32.3916322],
            [43.5970149, 32.3916322],
            [43.5969475, 32.3916996],
            [43.5969475, 32.3918343],
            [43.596678, 32.391969],
            [43.5961391, 32.3921038],
            [43.5958696, 32.3922385],
            [43.5958696, 32.3923733],
            [43.5953306, 32.3924407],
            [43.5942526, 32.3924407]
          ]
        ]
      }
    },
    {
      "type": "Feature",
      "properties": {
        "parcel_id": "P0037",
        "crop_code": 2,
        "crop_name": "冬小麦",
        "province": "全国重要农区",
        "agri_zone": "全国重要农作物优势聚集片区",
        "area_tier": "规范规整农田区 (<10万亩)",
        "area_mu": 159.3,
        "area_ha": 10.6201,
        "area_m2": 106201.0,
        "perimeter_m": 1191.1,
        "compactness": 0.941,
        "machinery_suitability": "优 (规整适机)",
        "dominant_purity": 1.0,
        "mean_confidence": 1.0,
        "center_lon": 43.5298218,
        "center_lat": 34.7221971,
        "center_utm_x": 365386.75,
        "center_utm_y": 3843220.34
      },
      "geometry": {
        "type": "Polygon",
        "coordinates": [
          [
            [43.5289002, 34.7241078],
            [43.5287654, 34.7230972],
            [43.5287654, 34.721076],
            [43.5293044, 34.7202001],
            [43.5303824, 34.7204696],
            [43.5309887, 34.7207391],
            [43.5311235, 34.7210086],
            [43.5312582, 34.7211434],
            [43.531393, 34.7211434],
            [43.5314604, 34.721615],
            [43.5314604, 34.7225582],
            [43.531393, 34.7230298],
            [43.5312582, 34.7230298],
            [43.5311909, 34.7230972],
            [43.5311909, 34.723232],
            [43.5310561, 34.7232993],
            [43.5307866, 34.7232993],
            [43.5306519, 34.7233667],
            [43.5306519, 34.7235015],
            [43.5305171, 34.7235688],
            [43.5302476, 34.7235688],
            [43.5301129, 34.7236362],
            [43.5301129, 34.7237709],
            [43.5299108, 34.7238383],
            [43.5295065, 34.7238383],
            [43.5293044, 34.7239057],
            [43.5293044, 34.7240404],
            [43.5291696, 34.7241078],
            [43.5289002, 34.7241078]
          ]
        ]
      }
    },
    {
      "type": "Feature",
      "properties": {
        "parcel_id": "P0038",
        "crop_code": 1,
        "crop_name": "夏玉米",
        "province": "全国重要农区",
        "agri_zone": "全国重要农作物优势聚集片区",
        "area_tier": "规范规整农田区 (<10万亩)",
        "area_mu": 159.3,
        "area_ha": 10.6201,
        "area_m2": 106201.0,
        "perimeter_m": 1521.2,
        "compactness": 0.577,
        "machinery_suitability": "优 (规整适机)",
        "dominant_purity": 1.0,
        "mean_confidence": 1.0,
        "center_lon": 43.5301695,
        "center_lat": 34.3735789,
        "center_utm_x": 364856.01,
        "center_utm_y": 3804557.74
      },
      "geometry": {
        "type": "Polygon",
        "coordinates": [
          [
            [43.5296413, 34.3759208],
            [43.5295739, 34.3758534],
            [43.5295739, 34.3757187],
            [43.5294391, 34.3756513],
            [43.5291696, 34.3756513],
            [43.5290349, 34.3755839],
            [43.5290349, 34.3754492],
            [43.5289675, 34.3753818],
            [43.5288328, 34.3753818],
            [43.5287654, 34.3747755],
            [43.5287654, 34.3735627],
            [43.5288328, 34.3729564],
            [43.5289675, 34.3729564],
            [43.5290349, 34.372889],
            [43.5290349, 34.3727542],
            [43.5291696, 34.3726869],
            [43.5294391, 34.3726869],
            [43.5295739, 34.3726195],
            [43.5295739, 34.3724848],
            [43.5297086, 34.3724174],
            [43.5299781, 34.3724174],
            [43.5301129, 34.37235],
            [43.5301129, 34.3722153],
            [43.5302476, 34.3721479],
            [43.5305171, 34.3721479],
            [43.5307192, 34.3720131],
            [43.530854, 34.3717436],
            [43.5309887, 34.3716089],
            [43.5311235, 34.3716089],
            [43.5311909, 34.3714741],
            [43.5311909, 34.3712047],
            [43.5313256, 34.3710699],
            [43.5315951, 34.3710699],
            [43.5317298, 34.3712047],
            [43.5317298, 34.3714741],
            [43.5318646, 34.3716763],
            [43.5321341, 34.371811],
            [43.5322688, 34.3719458],
            [43.5322688, 34.3720805],
            [43.5323362, 34.3721479],
            [43.532471, 34.3721479],
            [43.5325383, 34.3722153],
            [43.5325383, 34.37235],
            [43.532471, 34.3724174],
            [43.5323362, 34.3724174],
            [43.5322688, 34.3724848],
            [43.5322688, 34.3726195],
            [43.5321341, 34.3726869],
            [43.5318646, 34.3726869],
            [43.5316625, 34.3728216],
            [43.5315277, 34.3730911],
            [43.531393, 34.3732259],
            [43.5312582, 34.3732259],
            [43.5311909, 34.3735627],
            [43.5311909, 34.3742365],
            [43.5309214, 34.3746407],
            [43.5303824, 34.3747755],
            [43.5301129, 34.3749102],
            [43.5301129, 34.375045],
            [43.5300455, 34.3751123],
            [43.5299108, 34.3751123],
            [43.5298434, 34.3753144],
            [43.5298434, 34.3757187],
            [43.529776, 34.3759208],
            [43.5296413, 34.3759208]
          ]
        ]
      }
    },
    {
      "type": "Feature",
      "properties": {
        "parcel_id": "P0039",
        "crop_code": 2,
        "crop_name": "冬小麦",
        "province": "全国重要农区",
        "agri_zone": "全国重要农作物优势聚集片区",
        "area_tier": "规范规整农田区 (<10万亩)",
        "area_mu": 157.95,
        "area_ha": 10.5301,
        "area_m2": 105301.0,
        "perimeter_m": 1321.0,
        "compactness": 0.758,
        "machinery_suitability": "优 (规整适机)",
        "dominant_purity": 1.0,
        "mean_confidence": 1.0,
        "center_lon": 43.5296628,
        "center_lat": 32.5075795,
        "center_utm_x": 361882.88,
        "center_utm_y": 3597651.84
      },
      "geometry": {
        "type": "Polygon",
        "coordinates": [
          [
            [43.5289675, 32.5096708],
            [43.5287654, 32.5085255],
            [43.5287654, 32.5062348],
            [43.5288328, 32.5050894],
            [43.5289675, 32.5050894],
            [43.5290349, 32.5051568],
            [43.5290349, 32.5052915],
            [43.529237, 32.5053589],
            [43.5296413, 32.5053589],
            [43.5298434, 32.5054263],
            [43.5298434, 32.505561],
            [43.5299781, 32.5056284],
            [43.5302476, 32.5056284],
            [43.5304497, 32.5057631],
            [43.5305845, 32.5060326],
            [43.5307192, 32.5061674],
            [43.530854, 32.5061674],
            [43.5309214, 32.5063021],
            [43.5309214, 32.5065716],
            [43.5309887, 32.5067064],
            [43.5311235, 32.5067064],
            [43.5311909, 32.5070432],
            [43.5311909, 32.507717],
            [43.5311235, 32.5080538],
            [43.5309887, 32.5080538],
            [43.5309214, 32.508256],
            [43.5309214, 32.5086602],
            [43.5307866, 32.5088623],
            [43.5305171, 32.5088623],
            [43.530315, 32.5089971],
            [43.5301803, 32.5092666],
            [43.5299781, 32.5094013],
            [43.5297086, 32.5094013],
            [43.5295739, 32.5094687],
            [43.5295739, 32.5096034],
            [43.5293718, 32.5096708],
            [43.5289675, 32.5096708]
          ]
        ]
      }
    },
    {
      "type": "Feature",
      "properties": {
        "parcel_id": "P0040",
        "crop_code": 2,
        "crop_name": "冬小麦",
        "province": "全国重要农区",
        "agri_zone": "全国重要农作物优势聚集片区",
        "area_tier": "规范规整农田区 (<10万亩)",
        "area_mu": 149.85,
        "area_ha": 9.9901,
        "area_m2": 99900.9,
        "perimeter_m": 1246.9,
        "compactness": 0.807,
        "machinery_suitability": "优 (规整适机)",
        "dominant_purity": 1.0,
        "mean_confidence": 1.0,
        "center_lon": 43.5703996,
        "center_lat": 34.7425682,
        "center_utm_x": 369134.55,
        "center_utm_y": 3845426.0
      },
      "geometry": {
        "type": "Polygon",
        "coordinates": [
          [
            [43.5698633, 34.7440504],
            [43.5694591, 34.743983],
            [43.5694591, 34.7438483],
            [43.5693917, 34.7437809],
            [43.569257, 34.7437809],
            [43.5691896, 34.743444],
            [43.5691896, 34.7427703],
            [43.5691222, 34.7424334],
            [43.5689875, 34.7424334],
            [43.5689201, 34.742164],
            [43.5689201, 34.741625],
            [43.5690548, 34.7413555],
            [43.5693243, 34.7413555],
            [43.5694591, 34.7412881],
            [43.5694591, 34.7411533],
            [43.5696612, 34.741086],
            [43.5700655, 34.741086],
            [43.5702676, 34.7410186],
            [43.5702676, 34.7408839],
            [43.5703349, 34.7408165],
            [43.5704697, 34.7408165],
            [43.5705371, 34.7408839],
            [43.5705371, 34.7410186],
            [43.5707392, 34.741086],
            [43.5711434, 34.741086],
            [43.5713456, 34.7411533],
            [43.5713456, 34.7412881],
            [43.5715477, 34.7413555],
            [43.5719519, 34.7413555],
            [43.572154, 34.7414228],
            [43.572154, 34.7415576],
            [43.5722214, 34.741625],
            [43.5723562, 34.741625],
            [43.5724235, 34.7418945],
            [43.5724235, 34.7424334],
            [43.5723562, 34.7427029],
            [43.5722214, 34.7427029],
            [43.572154, 34.7427703],
            [43.572154, 34.7429051],
            [43.5720193, 34.7429051],
            [43.5717498, 34.7427703],
            [43.571615, 34.7427703],
            [43.571615, 34.7429051],
            [43.5715477, 34.7429724],
            [43.5714129, 34.7429724],
            [43.5713456, 34.7431746],
            [43.5713456, 34.7435788],
            [43.5712782, 34.7437809],
            [43.5711434, 34.7437809],
            [43.5710761, 34.7438483],
            [43.5710761, 34.743983],
            [43.5706718, 34.7440504],
            [43.5698633, 34.7440504]
          ]
        ]
      }
    },
    {
      "type": "Feature",
      "properties": {
        "parcel_id": "P0041",
        "crop_code": 2,
        "crop_name": "冬小麦",
        "province": "全国重要农区",
        "agri_zone": "全国重要农作物优势聚集片区",
        "area_tier": "规范规整农田区 (<10万亩)",
        "area_mu": 149.85,
        "area_ha": 9.9901,
        "area_m2": 99900.9,
        "perimeter_m": 1317.4,
        "compactness": 0.723,
        "machinery_suitability": "优 (规整适机)",
        "dominant_purity": 1.0,
        "mean_confidence": 1.0,
        "center_lon": 43.5296332,
        "center_lat": 32.4773422,
        "center_utm_x": 361833.87,
        "center_utm_y": 3594299.57
      },
      "geometry": {
        "type": "Polygon",
        "coordinates": [
          [
            [43.5288328, 32.4794874],
            [43.5287654, 32.4783421],
            [43.5287654, 32.4760514],
            [43.5289002, 32.474906],
            [43.5291696, 32.474906],
            [43.5293044, 32.4749734],
            [43.5293044, 32.4751081],
            [43.5294391, 32.4751755],
            [43.5297086, 32.4751755],
            [43.5298434, 32.4752429],
            [43.5298434, 32.4753776],
            [43.5299108, 32.475445],
            [43.5300455, 32.475445],
            [43.5301129, 32.4755124],
            [43.5301129, 32.4756471],
            [43.5302476, 32.4757145],
            [43.5305171, 32.4757145],
            [43.5307192, 32.475984],
            [43.530854, 32.476523],
            [43.5309887, 32.4767925],
            [43.5311235, 32.4767925],
            [43.5311909, 32.477062],
            [43.5311909, 32.477601],
            [43.5311235, 32.4778704],
            [43.5309887, 32.4778704],
            [43.5309214, 32.4780052],
            [43.5309214, 32.4782747],
            [43.5307866, 32.4784768],
            [43.5305171, 32.4786116],
            [43.5303824, 32.4787463],
            [43.5303824, 32.478881],
            [43.5302476, 32.4789484],
            [43.5299781, 32.4789484],
            [43.5298434, 32.4790158],
            [43.5298434, 32.4791505],
            [43.5296413, 32.4792179],
            [43.529237, 32.4792179],
            [43.5290349, 32.4792853],
            [43.5290349, 32.47942],
            [43.5289675, 32.4794874],
            [43.5288328, 32.4794874]
          ]
        ]
      }
    },
    {
      "type": "Feature",
      "properties": {
        "parcel_id": "P0042",
        "crop_code": 2,
        "crop_name": "冬小麦",
        "province": "全国重要农区",
        "agri_zone": "全国重要农作物优势聚集片区",
        "area_tier": "规范规整农田区 (<10万亩)",
        "area_mu": 147.15,
        "area_ha": 9.8101,
        "area_m2": 98100.9,
        "perimeter_m": 1402.3,
        "compactness": 0.627,
        "machinery_suitability": "优 (规整适机)",
        "dominant_purity": 1.0,
        "mean_confidence": 1.0,
        "center_lon": 43.5294391,
        "center_lat": 34.4897149,
        "center_utm_x": 364975.8,
        "center_utm_y": 3817438.09
      },
      "geometry": {
        "type": "Polygon",
        "coordinates": [
          [
            [43.5288328, 34.4923425],
            [43.5287654, 34.490995],
            [43.5287654, 34.4883001],
            [43.5289675, 34.4869526],
            [43.5293718, 34.4869526],
            [43.5295739, 34.48702],
            [43.5295739, 34.4871547],
            [43.5296413, 34.4872221],
            [43.529776, 34.4872221],
            [43.5298434, 34.4873568],
            [43.5298434, 34.4876263],
            [43.5299781, 34.4878284],
            [43.5302476, 34.4879632],
            [43.5303824, 34.4881653],
            [43.5303824, 34.4884348],
            [43.5304497, 34.4885695],
            [43.5305845, 34.4885695],
            [43.5306519, 34.4891085],
            [43.5306519, 34.4901865],
            [43.5305845, 34.4907255],
            [43.5304497, 34.4907255],
            [43.5303824, 34.4908602],
            [43.5303824, 34.4911297],
            [43.5302476, 34.4913319],
            [43.5299781, 34.4914666],
            [43.5298434, 34.4916014],
            [43.5298434, 34.4917361],
            [43.529776, 34.4918035],
            [43.5296413, 34.4918035],
            [43.5295739, 34.4918709],
            [43.5295739, 34.4920056],
            [43.5294391, 34.492073],
            [43.5291696, 34.492073],
            [43.5290349, 34.4921403],
            [43.5290349, 34.4922751],
            [43.5289675, 34.4923425],
            [43.5288328, 34.4923425]
          ]
        ]
      }
    },
    {
      "type": "Feature",
      "properties": {
        "parcel_id": "P0043",
        "crop_code": 2,
        "crop_name": "冬小麦",
        "province": "全国重要农区",
        "agri_zone": "全国重要农作物优势聚集片区",
        "area_tier": "规范规整农田区 (<10万亩)",
        "area_mu": 132.3,
        "area_ha": 8.8201,
        "area_m2": 88200.8,
        "perimeter_m": 1338.0,
        "compactness": 0.619,
        "machinery_suitability": "优 (规整适机)",
        "dominant_purity": 1.0,
        "mean_confidence": 1.0,
        "center_lon": 43.5294903,
        "center_lat": 34.3702533,
        "center_utm_x": 364788.21,
        "center_utm_y": 3804189.84
      },
      "geometry": {
        "type": "Polygon",
        "coordinates": [
          [
            [43.5288328, 34.3724174],
            [43.5287654, 34.3712047],
            [43.5287654, 34.3687792],
            [43.5288328, 34.3675665],
            [43.5289675, 34.3675665],
            [43.5290349, 34.3676339],
            [43.5290349, 34.3677686],
            [43.5291696, 34.367836],
            [43.5294391, 34.367836],
            [43.5295739, 34.3679033],
            [43.5295739, 34.3680381],
            [43.5296413, 34.3681055],
            [43.529776, 34.3681055],
            [43.5298434, 34.3682402],
            [43.5298434, 34.3685097],
            [43.5299108, 34.3686445],
            [43.5300455, 34.3686445],
            [43.5301129, 34.3687118],
            [43.5301129, 34.3688466],
            [43.5301803, 34.3689139],
            [43.530315, 34.3689139],
            [43.5304497, 34.3691834],
            [43.5305845, 34.3697224],
            [43.5307192, 34.3699919],
            [43.530854, 34.3699919],
            [43.5309214, 34.3702614],
            [43.5309214, 34.3708004],
            [43.530854, 34.3710699],
            [43.5307192, 34.3710699],
            [43.5306519, 34.3712047],
            [43.5306519, 34.3714741],
            [43.5305171, 34.3716089],
            [43.5302476, 34.3716089],
            [43.5301129, 34.3716763],
            [43.5301129, 34.371811],
            [43.5299781, 34.3718784],
            [43.5297086, 34.3718784],
            [43.5295739, 34.3719458],
            [43.5295739, 34.3720805],
            [43.5294391, 34.3721479],
            [43.5291696, 34.3721479],
            [43.5290349, 34.3722153],
            [43.5290349, 34.37235],
            [43.5289675, 34.3724174],
            [43.5288328, 34.3724174]
          ]
        ]
      }
    },
    {
      "type": "Feature",
      "properties": {
        "parcel_id": "P0044",
        "crop_code": 1,
        "crop_name": "夏玉米",
        "province": "全国重要农区",
        "agri_zone": "全国重要农作物优势聚集片区",
        "area_tier": "规范规整农田区 (<10万亩)",
        "area_mu": 120.15,
        "area_ha": 8.0101,
        "area_m2": 80100.7,
        "perimeter_m": 1341.7,
        "compactness": 0.559,
        "machinery_suitability": "优 (规整适机)",
        "dominant_purity": 1.0,
        "mean_confidence": 1.0,
        "center_lon": 43.7313472,
        "center_lat": 32.392279,
        "center_utm_x": 380677.77,
        "center_utm_y": 3584625.97
      },
      "geometry": {
        "type": "Polygon",
        "coordinates": [
          [
            [43.7324359, 32.3935186],
            [43.7322338, 32.3934513],
            [43.7322338, 32.3933165],
            [43.7320991, 32.3932491],
            [43.7318296, 32.3932491],
            [43.7316948, 32.3931818],
            [43.7316948, 32.393047],
            [43.7314253, 32.3929797],
            [43.7308863, 32.3929797],
            [43.7306169, 32.3929123],
            [43.7306169, 32.3927775],
            [43.7303474, 32.3927102],
            [43.7298084, 32.3927102],
            [43.7295389, 32.3927775],
            [43.7295389, 32.3929123],
            [43.7294715, 32.3929797],
            [43.7293368, 32.3929797],
            [43.7292694, 32.3929123],
            [43.7292694, 32.3927775],
            [43.7293368, 32.3927102],
            [43.7294715, 32.3927102],
            [43.7295389, 32.3925754],
            [43.7295389, 32.3923059],
            [43.7296736, 32.3921038],
            [43.7299431, 32.391969],
            [43.7300779, 32.3916996],
            [43.7300779, 32.3912953],
            [43.7301452, 32.3910932],
            [43.73028, 32.3910932],
            [43.7303474, 32.3909584],
            [43.7303474, 32.3906889],
            [43.7305495, 32.3905542],
            [43.7309537, 32.3905542],
            [43.7311558, 32.3906889],
            [43.7311558, 32.3909584],
            [43.7312232, 32.3910932],
            [43.731358, 32.3910932],
            [43.7314253, 32.3911606],
            [43.7314253, 32.3912953],
            [43.7315601, 32.3913627],
            [43.7318296, 32.3913627],
            [43.7319643, 32.3914301],
            [43.7319643, 32.3915648],
            [43.7323686, 32.3916322],
            [43.7331771, 32.3916322],
            [43.7335813, 32.3916996],
            [43.7335813, 32.3918343],
            [43.7335139, 32.3919017],
            [43.7333792, 32.3919017],
            [43.7333118, 32.3920364],
            [43.7333118, 32.3923059],
            [43.7332444, 32.3924407],
            [43.7331097, 32.3924407],
            [43.7330423, 32.3927102],
            [43.7330423, 32.3932491],
            [43.7328402, 32.3935186],
            [43.7324359, 32.3935186]
          ]
        ]
      }
    },
    {
      "type": "Feature",
      "properties": {
        "parcel_id": "P0045",
        "crop_code": 2,
        "crop_name": "冬小麦",
        "province": "全国重要农区",
        "agri_zone": "全国重要农作物优势聚集片区",
        "area_tier": "规范规整农田区 (<10万亩)",
        "area_mu": 116.1,
        "area_ha": 7.7401,
        "area_m2": 77400.7,
        "perimeter_m": 1039.4,
        "compactness": 0.9,
        "machinery_suitability": "优 (规整适机)",
        "dominant_purity": 1.0,
        "mean_confidence": 1.0,
        "center_lon": 43.5372734,
        "center_lat": 34.3785915,
        "center_utm_x": 365517.25,
        "center_utm_y": 3805104.19
      },
      "geometry": {
        "type": "Polygon",
        "coordinates": [
          [
            [43.5369176, 34.3796937],
            [43.5365808, 34.3796264],
            [43.5365808, 34.3794916],
            [43.536446, 34.3794242],
            [43.5361765, 34.3794242],
            [43.5360418, 34.3792895],
            [43.5360418, 34.37902],
            [43.5359744, 34.3788852],
            [43.5358396, 34.3788852],
            [43.5357723, 34.3786158],
            [43.5357723, 34.3780768],
            [43.5358396, 34.3778073],
            [43.5359744, 34.3778073],
            [43.5360418, 34.3777399],
            [43.5360418, 34.3776052],
            [43.5363786, 34.3775378],
            [43.5370524, 34.3775378],
            [43.5373892, 34.3774704],
            [43.5373892, 34.3773357],
            [43.5375914, 34.3772683],
            [43.5379956, 34.3772683],
            [43.5381977, 34.3773357],
            [43.5381977, 34.3774704],
            [43.5383998, 34.3775378],
            [43.5388041, 34.3775378],
            [43.5390062, 34.3776052],
            [43.5390062, 34.3777399],
            [43.5390736, 34.3778073],
            [43.5392083, 34.3778073],
            [43.5392757, 34.377942],
            [43.5392757, 34.3782115],
            [43.5391409, 34.3784136],
            [43.5388715, 34.3785484],
            [43.5387367, 34.3786831],
            [43.5387367, 34.3788179],
            [43.5386693, 34.3788852],
            [43.5385346, 34.3788852],
            [43.5384672, 34.37902],
            [43.5384672, 34.3792895],
            [43.5383325, 34.3794242],
            [43.538063, 34.3794242],
            [43.5379282, 34.3794916],
            [43.5379282, 34.3796264],
            [43.5375914, 34.3796937],
            [43.5369176, 34.3796937]
          ]
        ]
      }
    },
    {
      "type": "Feature",
      "properties": {
        "parcel_id": "P0046",
        "crop_code": 1,
        "crop_name": "夏玉米",
        "province": "全国重要农区",
        "agri_zone": "全国重要农作物优势聚集片区",
        "area_tier": "规范规整农田区 (<10万亩)",
        "area_mu": 112.05,
        "area_ha": 7.4701,
        "area_m2": 74700.7,
        "perimeter_m": 1233.8,
        "compactness": 0.617,
        "machinery_suitability": "优 (规整适机)",
        "dominant_purity": 1.0,
        "mean_confidence": 1.0,
        "center_lon": 43.7282049,
        "center_lat": 32.3993963,
        "center_utm_x": 380391.59,
        "center_utm_y": 3585418.51
      },
      "geometry": {
        "type": "Polygon",
        "coordinates": [
          [
            [43.7296062, 32.400795],
            [43.7295389, 32.4007276],
            [43.7295389, 32.4005929],
            [43.7291346, 32.4004581],
            [43.7283261, 32.4003234],
            [43.7279219, 32.4001886],
            [43.7279219, 32.4000539],
            [43.7276524, 32.3999865],
            [43.7271134, 32.3999865],
            [43.7268439, 32.3995823],
            [43.7268439, 32.3987738],
            [43.7269113, 32.3983695],
            [43.727046, 32.3983695],
            [43.7271134, 32.3981],
            [43.7271134, 32.3975611],
            [43.7271808, 32.3972916],
            [43.7273155, 32.3972916],
            [43.7273829, 32.3974263],
            [43.7273829, 32.3976958],
            [43.7274503, 32.3978306],
            [43.727585, 32.3978306],
            [43.7276524, 32.3978979],
            [43.7276524, 32.3980327],
            [43.7279219, 32.3981674],
            [43.7284609, 32.3983022],
            [43.7287304, 32.3984369],
            [43.7287304, 32.3985717],
            [43.7288651, 32.398639],
            [43.7291346, 32.398639],
            [43.7292694, 32.3987064],
            [43.7292694, 32.3988412],
            [43.7295389, 32.3989085],
            [43.7300779, 32.3989085],
            [43.73028, 32.3990433],
            [43.7301452, 32.3993128],
            [43.7300105, 32.3994475],
            [43.7298757, 32.3994475],
            [43.7298084, 32.3997844],
            [43.7298084, 32.4004581],
            [43.729741, 32.400795],
            [43.7296062, 32.400795]
          ]
        ]
      }
    },
    {
      "type": "Feature",
      "properties": {
        "parcel_id": "P0047",
        "crop_code": 1,
        "crop_name": "夏玉米",
        "province": "全国重要农区",
        "agri_zone": "全国重要农作物优势聚集片区",
        "area_tier": "规范规整农田区 (<10万亩)",
        "area_mu": 110.7,
        "area_ha": 7.3801,
        "area_m2": 73800.7,
        "perimeter_m": 1576.1,
        "compactness": 0.373,
        "machinery_suitability": "良 (基本适机)",
        "dominant_purity": 1.0,
        "mean_confidence": 1.0,
        "center_lon": 43.5320586,
        "center_lat": 34.7209547,
        "center_utm_x": 365589.56,
        "center_utm_y": 3843079.56
      },
      "geometry": {
        "type": "Polygon",
        "coordinates": [
          [
            [43.5320667, 34.7227603],
            [43.5319993, 34.7223561],
            [43.5319993, 34.7215476],
            [43.531932, 34.7211434],
            [43.5317972, 34.7211434],
            [43.5317298, 34.7210086],
            [43.5317298, 34.7207391],
            [43.5316625, 34.7206044],
            [43.5315277, 34.7206044],
            [43.5314604, 34.720537],
            [43.5314604, 34.7204023],
            [43.5313256, 34.7203349],
            [43.5310561, 34.7203349],
            [43.5309214, 34.7202675],
            [43.5309214, 34.7201328],
            [43.5307866, 34.7200654],
            [43.5305171, 34.7200654],
            [43.5303824, 34.719998],
            [43.5303824, 34.7198633],
            [43.5301129, 34.7197959],
            [43.5295739, 34.7197959],
            [43.5293044, 34.7197285],
            [43.5293044, 34.7195938],
            [43.5294391, 34.7195264],
            [43.5297086, 34.7195264],
            [43.5299108, 34.7193917],
            [43.5300455, 34.7191222],
            [43.5301803, 34.7189874],
            [43.530315, 34.7189874],
            [43.5303824, 34.71892],
            [43.5303824, 34.7187853],
            [43.5305171, 34.7187179],
            [43.5307866, 34.7187179],
            [43.5309214, 34.7188527],
            [43.5309214, 34.7191222],
            [43.5309887, 34.7192569],
            [43.5311235, 34.7192569],
            [43.5312582, 34.7193917],
            [43.531393, 34.7196612],
            [43.5315277, 34.7197959],
            [43.5316625, 34.7197959],
            [43.5317298, 34.7198633],
            [43.5317298, 34.719998],
            [43.5317972, 34.7200654],
            [43.531932, 34.7200654],
            [43.5319993, 34.7201328],
            [43.5319993, 34.7202675],
            [43.5322688, 34.7204023],
            [43.5328078, 34.720537],
            [43.5330773, 34.7206718],
            [43.5330773, 34.7208065],
            [43.5334142, 34.7208739],
            [43.5340879, 34.7208739],
            [43.5344248, 34.7211434],
            [43.5344248, 34.7216824],
            [43.5341553, 34.7219519],
            [43.5336163, 34.7219519],
            [43.5333468, 34.7220192],
            [43.5333468, 34.722154],
            [43.5332121, 34.7222214],
            [43.5329426, 34.7222214],
            [43.5328078, 34.7222887],
            [43.5328078, 34.7224235],
            [43.5326731, 34.7224908],
            [43.5324036, 34.7224908],
            [43.5322688, 34.7225582],
            [43.5322688, 34.722693],
            [43.5322015, 34.7227603],
            [43.5320667, 34.7227603]
          ]
        ]
      }
    },
    {
      "type": "Feature",
      "properties": {
        "parcel_id": "P0048",
        "crop_code": 2,
        "crop_name": "冬小麦",
        "province": "全国重要农区",
        "agri_zone": "全国重要农作物优势聚集片区",
        "area_tier": "规范规整农田区 (<10万亩)",
        "area_mu": 110.7,
        "area_ha": 7.3801,
        "area_m2": 73800.7,
        "perimeter_m": 1095.9,
        "compactness": 0.772,
        "machinery_suitability": "优 (规整适机)",
        "dominant_purity": 1.0,
        "mean_confidence": 1.0,
        "center_lon": 43.5295469,
        "center_lat": 34.71059,
        "center_utm_x": 365342.76,
        "center_utm_y": 3841933.43
      },
      "geometry": {
        "type": "Polygon",
        "coordinates": [
          [
            [43.5288328, 34.7125195],
            [43.5287654, 34.7115763],
            [43.5287654, 34.7096899],
            [43.5289675, 34.7087466],
            [43.5293718, 34.7087466],
            [43.5295739, 34.708814],
            [43.5295739, 34.7089487],
            [43.5297086, 34.7090161],
            [43.5299781, 34.7090161],
            [43.5301129, 34.7090835],
            [43.5301129, 34.7092182],
            [43.5302476, 34.7092856],
            [43.5305171, 34.7092856],
            [43.5306519, 34.709353],
            [43.5306519, 34.7094877],
            [43.5307192, 34.7095551],
            [43.530854, 34.7095551],
            [43.5309214, 34.709892],
            [43.5309214, 34.7105657],
            [43.530854, 34.7109026],
            [43.5307192, 34.7109026],
            [43.5306519, 34.7110373],
            [43.5306519, 34.7113068],
            [43.5305845, 34.7114416],
            [43.5304497, 34.7114416],
            [43.5303824, 34.7115089],
            [43.5303824, 34.7116437],
            [43.5301129, 34.7117784],
            [43.5295739, 34.7119132],
            [43.529237, 34.7121153],
            [43.5291023, 34.7123848],
            [43.5289675, 34.7125195],
            [43.5288328, 34.7125195]
          ]
        ]
      }
    },
    {
      "type": "Feature",
      "properties": {
        "parcel_id": "P0049",
        "crop_code": 1,
        "crop_name": "夏玉米",
        "province": "全国重要农区",
        "agri_zone": "全国重要农作物优势聚集片区",
        "area_tier": "规范规整农田区 (<10万亩)",
        "area_mu": 105.3,
        "area_ha": 7.0201,
        "area_m2": 70200.6,
        "perimeter_m": 1602.6,
        "compactness": 0.343,
        "machinery_suitability": "良 (基本适机)",
        "dominant_purity": 1.0,
        "mean_confidence": 1.0,
        "center_lon": 43.59591,
        "center_lat": 34.3977337,
        "center_utm_x": 370938.07,
        "center_utm_y": 3807150.82
      },
      "geometry": {
        "type": "Polygon",
        "coordinates": [
          [
            [43.5970823, 34.3990973],
            [43.5969475, 34.39903],
            [43.5969475, 34.3988952],
            [43.5968128, 34.3987605],
            [43.5965433, 34.3986257],
            [43.5964085, 34.398491],
            [43.5964085, 34.3983562],
            [43.5963412, 34.3982889],
            [43.5962064, 34.3982889],
            [43.5961391, 34.3982215],
            [43.5961391, 34.3980867],
            [43.5960043, 34.3980194],
            [43.5957348, 34.3980194],
            [43.5956001, 34.397952],
            [43.5956001, 34.3978172],
            [43.5951958, 34.3977499],
            [43.5943873, 34.3977499],
            [43.5939831, 34.3978172],
            [43.5939831, 34.397952],
            [43.5938483, 34.3980194],
            [43.5935789, 34.3980194],
            [43.5934441, 34.3978172],
            [43.5934441, 34.397413],
            [43.5933767, 34.3972109],
            [43.593242, 34.3972109],
            [43.5931746, 34.3970761],
            [43.5931746, 34.3968066],
            [43.5931072, 34.3966719],
            [43.5929725, 34.3966719],
            [43.5929051, 34.3965371],
            [43.5929051, 34.3962677],
            [43.5930399, 34.3962003],
            [43.5933094, 34.396335],
            [43.5934441, 34.3964698],
            [43.5934441, 34.3966045],
            [43.5935789, 34.3966719],
            [43.5938483, 34.3966719],
            [43.5939831, 34.3967393],
            [43.5939831, 34.396874],
            [43.5941178, 34.3969414],
            [43.5943873, 34.3969414],
            [43.5945221, 34.3970088],
            [43.5945221, 34.3971435],
            [43.5946568, 34.3972109],
            [43.5949263, 34.3972109],
            [43.5950611, 34.3972783],
            [43.5950611, 34.397413],
            [43.5953306, 34.3974804],
            [43.5958696, 34.3974804],
            [43.5961391, 34.397413],
            [43.5961391, 34.3972783],
            [43.5963412, 34.3972109],
            [43.5967454, 34.3972109],
            [43.5969475, 34.3971435],
            [43.5969475, 34.3970088],
            [43.5970823, 34.3969414],
            [43.5973518, 34.3969414],
            [43.5974865, 34.396874],
            [43.5974865, 34.3967393],
            [43.5976886, 34.3966719],
            [43.5980929, 34.3966719],
            [43.598295, 34.3969414],
            [43.598295, 34.3974804],
            [43.5981603, 34.3978172],
            [43.5978908, 34.397952],
            [43.5976886, 34.3982889],
            [43.5975539, 34.3988278],
            [43.5973518, 34.3990973],
            [43.5970823, 34.3990973]
          ]
        ]
      }
    },
    {
      "type": "Feature",
      "properties": {
        "parcel_id": "P0050",
        "crop_code": 2,
        "crop_name": "冬小麦",
        "province": "全国重要农区",
        "agri_zone": "全国重要农作物优势聚集片区",
        "area_tier": "规范规整农田区 (<10万亩)",
        "area_mu": 93.15,
        "area_ha": 6.2101,
        "area_m2": 62100.6,
        "perimeter_m": 1049.2,
        "compactness": 0.709,
        "machinery_suitability": "优 (规整适机)",
        "dominant_purity": 1.0,
        "mean_confidence": 1.0,
        "center_lon": 43.6112685,
        "center_lat": 32.3912738,
        "center_utm_x": 369381.5,
        "center_utm_y": 3584654.88
      },
      "geometry": {
        "type": "Polygon",
        "coordinates": [
          [
            [43.6109613, 32.3919017],
            [43.6104223, 32.3918343],
            [43.6104223, 32.3916996],
            [43.6102875, 32.3916322],
            [43.610018, 32.3916322],
            [43.6098833, 32.3915648],
            [43.6098833, 32.3914301],
            [43.6097485, 32.3913627],
            [43.609479, 32.3913627],
            [43.6093443, 32.3912953],
            [43.6093443, 32.3911606],
            [43.6092769, 32.3910932],
            [43.6091422, 32.3910932],
            [43.6090748, 32.3909584],
            [43.6090748, 32.3906889],
            [43.6102201, 32.3905542],
            [43.6125108, 32.3905542],
            [43.6136562, 32.3906889],
            [43.6136562, 32.3909584],
            [43.6135215, 32.3911606],
            [43.613252, 32.3912953],
            [43.6131172, 32.3914301],
            [43.6131172, 32.3915648],
            [43.6129825, 32.3916322],
            [43.612713, 32.3916322],
            [43.6125782, 32.3916996],
            [43.6125782, 32.3918343],
            [43.6120392, 32.3919017],
            [43.6109613, 32.3919017]
          ]
        ]
      }
    },
    {
      "type": "Feature",
      "properties": {
        "parcel_id": "P0051",
        "crop_code": 1,
        "crop_name": "夏玉米",
        "province": "全国重要农区",
        "agri_zone": "全国重要农作物优势聚集片区",
        "area_tier": "规范规整农田区 (<10万亩)",
        "area_mu": 79.65,
        "area_ha": 5.31,
        "area_m2": 53100.5,
        "perimeter_m": 1305.2,
        "compactness": 0.392,
        "machinery_suitability": "良 (基本适机)",
        "dominant_purity": 1.0,
        "mean_confidence": 1.0,
        "center_lon": 43.5520524,
        "center_lat": 32.4733402,
        "center_utm_x": 363934.71,
        "center_utm_y": 3593827.06
      },
      "geometry": {
        "type": "Polygon",
        "coordinates": [
          [
            [43.5503923, 32.474367],
            [43.550325, 32.4740301],
            [43.550325, 32.4733564],
            [43.5502576, 32.4730195],
            [43.5501229, 32.4730195],
            [43.5500555, 32.4729522],
            [43.5500555, 32.4728174],
            [43.5504597, 32.4728174],
            [43.5512682, 32.4729522],
            [43.5516724, 32.4729522],
            [43.5516724, 32.4728174],
            [43.5518746, 32.47275],
            [43.5522788, 32.47275],
            [43.5524809, 32.4726827],
            [43.5524809, 32.4725479],
            [43.5526157, 32.4724806],
            [43.5528852, 32.4724806],
            [43.5530199, 32.4724132],
            [43.5530199, 32.4722784],
            [43.5531547, 32.4722111],
            [43.5534242, 32.4722111],
            [43.5535589, 32.4721437],
            [43.5535589, 32.4720089],
            [43.5536263, 32.4719416],
            [43.553761, 32.4719416],
            [43.5538284, 32.4724132],
            [43.5538284, 32.4733564],
            [43.5538958, 32.473828],
            [43.5540305, 32.473828],
            [43.5540979, 32.4738954],
            [43.5540979, 32.4740301],
            [43.5540305, 32.4740975],
            [43.5538958, 32.4740975],
            [43.5538284, 32.4740301],
            [43.5538284, 32.4738954],
            [43.5536263, 32.473828],
            [43.553222, 32.473828],
            [43.5530199, 32.4737607],
            [43.5530199, 32.4736259],
            [43.5526831, 32.4735585],
            [43.5520093, 32.4735585],
            [43.5516724, 32.4736259],
            [43.5516724, 32.4737607],
            [43.5515377, 32.473828],
            [43.5512682, 32.473828],
            [43.5511335, 32.4738954],
            [43.5511335, 32.4740301],
            [43.5509987, 32.4740975],
            [43.5507292, 32.4740975],
            [43.5505945, 32.4741649],
            [43.5505945, 32.4742996],
            [43.5505271, 32.474367],
            [43.5503923, 32.474367]
          ]
        ]
      }
    },
    {
      "type": "Feature",
      "properties": {
        "parcel_id": "P0052",
        "crop_code": 1,
        "crop_name": "夏玉米",
        "province": "全国重要农区",
        "agri_zone": "全国重要农作物优势聚集片区",
        "area_tier": "规范规整农田区 (<10万亩)",
        "area_mu": 78.3,
        "area_ha": 5.22,
        "area_m2": 52200.5,
        "perimeter_m": 952.4,
        "compactness": 0.723,
        "machinery_suitability": "优 (规整适机)",
        "dominant_purity": 1.0,
        "mean_confidence": 1.0,
        "center_lon": 43.5720274,
        "center_lat": 32.391422,
        "center_utm_x": 365690.54,
        "center_utm_y": 3584719.92
      },
      "geometry": {
        "type": "Polygon",
        "coordinates": [
          [
            [43.5725583, 32.3924407],
            [43.5724235, 32.3923733],
            [43.5724235, 32.3922385],
            [43.5722888, 32.3921712],
            [43.5720193, 32.3921712],
            [43.5718845, 32.3921038],
            [43.5718845, 32.391969],
            [43.5715477, 32.3919017],
            [43.5708739, 32.3919017],
            [43.5705371, 32.3917669],
            [43.5705371, 32.3914974],
            [43.5706044, 32.3913627],
            [43.5707392, 32.3913627],
            [43.5708066, 32.3911606],
            [43.5708066, 32.3907563],
            [43.571615, 32.3905542],
            [43.573232, 32.3905542],
            [43.5740405, 32.3906216],
            [43.5740405, 32.3907563],
            [43.5739058, 32.3908911],
            [43.5736363, 32.3910258],
            [43.5735015, 32.3911606],
            [43.5735015, 32.3912953],
            [43.5734341, 32.3913627],
            [43.5732994, 32.3913627],
            [43.573232, 32.3914301],
            [43.573232, 32.3915648],
            [43.5731646, 32.3916322],
            [43.5730299, 32.3916322],
            [43.5729625, 32.3918343],
            [43.5729625, 32.3922385],
            [43.5728278, 32.3924407],
            [43.5725583, 32.3924407]
          ]
        ]
      }
    },
    {
      "type": "Feature",
      "properties": {
        "parcel_id": "P0053",
        "crop_code": 2,
        "crop_name": "冬小麦",
        "province": "全国重要农区",
        "agri_zone": "全国重要农作物优势聚集片区",
        "area_tier": "规范规整农田区 (<10万亩)",
        "area_mu": 72.9,
        "area_ha": 4.86,
        "area_m2": 48600.4,
        "perimeter_m": 1007.9,
        "compactness": 0.601,
        "machinery_suitability": "优 (规整适机)",
        "dominant_purity": 1.0,
        "mean_confidence": 1.0,
        "center_lon": 43.5292155,
        "center_lat": 32.4947139,
        "center_utm_x": 361821.18,
        "center_utm_y": 3596226.05
      },
      "geometry": {
        "type": "Polygon",
        "coordinates": [
          [
            [43.5288328, 32.4964656],
            [43.5287654, 32.4955223],
            [43.5287654, 32.4936359],
            [43.5288328, 32.4926926],
            [43.5289675, 32.4926926],
            [43.5290349, 32.49276],
            [43.5290349, 32.4928948],
            [43.5291696, 32.4929621],
            [43.5294391, 32.4929621],
            [43.5295739, 32.4930295],
            [43.5295739, 32.4931643],
            [43.5296413, 32.4932316],
            [43.529776, 32.4932316],
            [43.5298434, 32.4933664],
            [43.5298434, 32.4936359],
            [43.5299108, 32.4937706],
            [43.5300455, 32.4937706],
            [43.5301129, 32.4941749],
            [43.5301129, 32.4949834],
            [43.5300455, 32.4953876],
            [43.5299108, 32.4953876],
            [43.5298434, 32.4955223],
            [43.5298434, 32.4957918],
            [43.529776, 32.4959266],
            [43.5296413, 32.4959266],
            [43.5295739, 32.495994],
            [43.5295739, 32.4961287],
            [43.5294391, 32.4961961],
            [43.5291696, 32.4961961],
            [43.5290349, 32.4962635],
            [43.5290349, 32.4963982],
            [43.5289675, 32.4964656],
            [43.5288328, 32.4964656]
          ]
        ]
      }
    },
    {
      "type": "Feature",
      "properties": {
        "parcel_id": "P0054",
        "crop_code": 2,
        "crop_name": "冬小麦",
        "province": "全国重要农区",
        "agri_zone": "全国重要农作物优势聚集片区",
        "area_tier": "规范规整农田区 (<10万亩)",
        "area_mu": 71.55,
        "area_ha": 4.77,
        "area_m2": 47700.4,
        "perimeter_m": 810.1,
        "compactness": 0.913,
        "machinery_suitability": "优 (规整适机)",
        "dominant_purity": 1.0,
        "mean_confidence": 1.0,
        "center_lon": 43.5804733,
        "center_lat": 34.3943542,
        "center_utm_x": 369513.8,
        "center_utm_y": 3806795.8
      },
      "geometry": {
        "type": "Polygon",
        "coordinates": [
          [
            [43.5808452, 34.3955939],
            [43.5807779, 34.3955265],
            [43.5807779, 34.3953918],
            [43.5806431, 34.3953244],
            [43.5803736, 34.3953244],
            [43.5801715, 34.3951897],
            [43.5800368, 34.3949202],
            [43.579902, 34.3947854],
            [43.5797673, 34.3947854],
            [43.5796999, 34.3945833],
            [43.5796999, 34.3941791],
            [43.5796325, 34.3939769],
            [43.5794978, 34.3939769],
            [43.5794304, 34.3938422],
            [43.5794304, 34.3935727],
            [43.5794978, 34.393438],
            [43.5796325, 34.393438],
            [43.5796999, 34.3933706],
            [43.5796999, 34.3932358],
            [43.5800368, 34.3931685],
            [43.5807105, 34.3931685],
            [43.5810474, 34.3932358],
            [43.5810474, 34.3933706],
            [43.5811821, 34.393438],
            [43.5814516, 34.393438],
            [43.5815863, 34.3938422],
            [43.5815863, 34.3946507],
            [43.5814516, 34.3951223],
            [43.5811821, 34.395257],
            [43.5810474, 34.3953918],
            [43.5810474, 34.3955265],
            [43.58098, 34.3955939],
            [43.5808452, 34.3955939]
          ]
        ]
      }
    },
    {
      "type": "Feature",
      "properties": {
        "parcel_id": "P0055",
        "crop_code": 2,
        "crop_name": "冬小麦",
        "province": "全国重要农区",
        "agri_zone": "全国重要农作物优势聚集片区",
        "area_tier": "规范规整农田区 (<10万亩)",
        "area_mu": 64.8,
        "area_ha": 4.32,
        "area_m2": 43200.4,
        "perimeter_m": 914.3,
        "compactness": 0.649,
        "machinery_suitability": "优 (规整适机)",
        "dominant_purity": 1.0,
        "mean_confidence": 1.0,
        "center_lon": 43.529175,
        "center_lat": 34.5548976,
        "center_utm_x": 365056.74,
        "center_utm_y": 3824667.25
      },
      "geometry": {
        "type": "Polygon",
        "coordinates": [
          [
            [43.5289002, 34.5564822],
            [43.5287654, 34.5556063],
            [43.5287654, 34.5538546],
            [43.5288328, 34.5529788],
            [43.5289675, 34.5529788],
            [43.5290349, 34.5530461],
            [43.5290349, 34.5531809],
            [43.5291696, 34.5532482],
            [43.5294391, 34.5532482],
            [43.5295739, 34.5533156],
            [43.5295739, 34.5534504],
            [43.5296413, 34.5535177],
            [43.529776, 34.5535177],
            [43.5299108, 34.553922],
            [43.5300455, 34.5547305],
            [43.5300455, 34.5551347],
            [43.5299108, 34.5551347],
            [43.5298434, 34.5553368],
            [43.5298434, 34.5557411],
            [43.5297086, 34.5560106],
            [43.5294391, 34.5561453],
            [43.5293044, 34.5562801],
            [43.5293044, 34.5564148],
            [43.5291696, 34.5564822],
            [43.5289002, 34.5564822]
          ]
        ]
      }
    },
    {
      "type": "Feature",
      "properties": {
        "parcel_id": "P0056",
        "crop_code": 1,
        "crop_name": "夏玉米",
        "province": "全国重要农区",
        "agri_zone": "全国重要农作物优势聚集片区",
        "area_tier": "规范规整农田区 (<10万亩)",
        "area_mu": 63.45,
        "area_ha": 4.23,
        "area_m2": 42300.4,
        "perimeter_m": 984.6,
        "compactness": 0.548,
        "machinery_suitability": "优 (规整适机)",
        "dominant_purity": 1.0,
        "mean_confidence": 1.0,
        "center_lon": 43.5932312,
        "center_lat": 34.3452901,
        "center_utm_x": 370611.19,
        "center_utm_y": 3801338.4
      },
      "geometry": {
        "type": "Polygon",
        "coordinates": [
          [
            [43.5925009, 34.3462764],
            [43.5923661, 34.3459395],
            [43.5923661, 34.3452658],
            [43.5924335, 34.3449289],
            [43.5925683, 34.3449289],
            [43.592703, 34.3447942],
            [43.5928377, 34.3445247],
            [43.5929725, 34.3443899],
            [43.5931072, 34.3443899],
            [43.5931746, 34.3443226],
            [43.5931746, 34.3441878],
            [43.593242, 34.3441204],
            [43.5933767, 34.3441204],
            [43.5934441, 34.3440531],
            [43.5934441, 34.3439183],
            [43.5935115, 34.343851],
            [43.5936462, 34.343851],
            [43.5937136, 34.3437162],
            [43.5937136, 34.3434467],
            [43.593781, 34.343312],
            [43.5939157, 34.343312],
            [43.5939831, 34.3437836],
            [43.5939831, 34.3447268],
            [43.5940505, 34.3451984],
            [43.5941852, 34.3451984],
            [43.5942526, 34.3453332],
            [43.5942526, 34.3456027],
            [43.59432, 34.3457374],
            [43.5944547, 34.3457374],
            [43.5945221, 34.3458048],
            [43.5945221, 34.3459395],
            [43.5943873, 34.3460069],
            [43.5941178, 34.3460069],
            [43.5939831, 34.3460743],
            [43.5939831, 34.346209],
            [43.5939157, 34.3462764],
            [43.593781, 34.3462764],
            [43.5937136, 34.346209],
            [43.5937136, 34.3460743],
            [43.5935115, 34.3460069],
            [43.5931072, 34.3460069],
            [43.5929051, 34.3460743],
            [43.5929051, 34.346209],
            [43.5927704, 34.3462764],
            [43.5925009, 34.3462764]
          ]
        ]
      }
    },
    {
      "type": "Feature",
      "properties": {
        "parcel_id": "P0057",
        "crop_code": 2,
        "crop_name": "冬小麦",
        "province": "全国重要农区",
        "agri_zone": "全国重要农作物优势聚集片区",
        "area_tier": "规范规整农田区 (<10万亩)",
        "area_mu": 63.45,
        "area_ha": 4.23,
        "area_m2": 42300.4,
        "perimeter_m": 844.1,
        "compactness": 0.746,
        "machinery_suitability": "优 (规整适机)",
        "dominant_purity": 1.0,
        "mean_confidence": 1.0,
        "center_lon": 45.9549093,
        "center_lat": 35.2538641,
        "center_utm_x": 586868.43,
        "center_utm_y": 3901614.07
      },
      "geometry": {
        "type": "Polygon",
        "coordinates": [
          [
            [45.9540819, 35.2542037],
            [45.9531387, 35.2540689],
            [45.9531387, 35.2537994],
            [45.9532061, 35.2536647],
            [45.9533408, 35.2536647],
            [45.9534082, 35.2535973],
            [45.9534082, 35.2534626],
            [45.9536103, 35.2533952],
            [45.9540146, 35.2533952],
            [45.9542167, 35.2533278],
            [45.9542167, 35.2531931],
            [45.9546883, 35.2531257],
            [45.9556315, 35.2531257],
            [45.9561031, 35.2531931],
            [45.9561031, 35.2533278],
            [45.9562379, 35.2533952],
            [45.9565074, 35.2533952],
            [45.9566421, 35.2534626],
            [45.9566421, 35.2535973],
            [45.9567095, 35.2536647],
            [45.9568442, 35.2536647],
            [45.9569116, 35.2537994],
            [45.9569116, 35.2540689],
            [45.9559684, 35.2542037],
            [45.9540819, 35.2542037]
          ]
        ]
      }
    },
    {
      "type": "Feature",
      "properties": {
        "parcel_id": "P0058",
        "crop_code": 1,
        "crop_name": "夏玉米",
        "province": "全国重要农区",
        "agri_zone": "全国重要农作物优势聚集片区",
        "area_tier": "规范规整农田区 (<10万亩)",
        "area_mu": 60.75,
        "area_ha": 4.05,
        "area_m2": 40500.4,
        "perimeter_m": 824.5,
        "compactness": 0.749,
        "machinery_suitability": "优 (规整适机)",
        "dominant_purity": 1.0,
        "mean_confidence": 1.0,
        "center_lon": 43.5792256,
        "center_lat": 32.3917939,
        "center_utm_x": 366368.18,
        "center_utm_y": 3584752.13
      },
      "geometry": {
        "type": "Polygon",
        "coordinates": [
          [
            [43.5790261, 32.3929797],
            [43.5788914, 32.3926428],
            [43.5788914, 32.391969],
            [43.5787567, 32.3915648],
            [43.5784872, 32.3914301],
            [43.5783524, 32.3911606],
            [43.5783524, 32.3907563],
            [43.5787567, 32.3905542],
            [43.5795651, 32.3905542],
            [43.5799694, 32.3908911],
            [43.5799694, 32.3915648],
            [43.5800368, 32.3919017],
            [43.5801715, 32.3919017],
            [43.5802389, 32.3920364],
            [43.5802389, 32.3923059],
            [43.5803062, 32.3924407],
            [43.580441, 32.3924407],
            [43.5805084, 32.392508],
            [43.5805084, 32.3926428],
            [43.5802389, 32.3927102],
            [43.5796999, 32.3927102],
            [43.5794304, 32.3927775],
            [43.5794304, 32.3929123],
            [43.5792956, 32.3929797],
            [43.5790261, 32.3929797]
          ]
        ]
      }
    },
    {
      "type": "Feature",
      "properties": {
        "parcel_id": "P0059",
        "crop_code": 1,
        "crop_name": "夏玉米",
        "province": "全国重要农区",
        "agri_zone": "全国重要农作物优势聚集片区",
        "area_tier": "规范规整农田区 (<10万亩)",
        "area_mu": 58.05,
        "area_ha": 3.87,
        "area_m2": 38700.4,
        "perimeter_m": 806.9,
        "compactness": 0.747,
        "machinery_suitability": "优 (规整适机)",
        "dominant_purity": 1.0,
        "mean_confidence": 1.0,
        "center_lon": 43.5428681,
        "center_lat": 32.4332475,
        "center_utm_x": 363010.9,
        "center_utm_y": 3589393.91
      },
      "geometry": {
        "type": "Polygon",
        "coordinates": [
          [
            [43.5426444, 32.4342123],
            [43.5422401, 32.4337407],
            [43.5422401, 32.4327975],
            [43.5423075, 32.4323259],
            [43.5424423, 32.4323259],
            [43.5425096, 32.4322585],
            [43.5425096, 32.4321237],
            [43.5427791, 32.4320564],
            [43.5433181, 32.4320564],
            [43.5435876, 32.431989],
            [43.5435876, 32.4318542],
            [43.543655, 32.4317869],
            [43.5437897, 32.4317869],
            [43.5438571, 32.431989],
            [43.5438571, 32.4323932],
            [43.5437897, 32.4325954],
            [43.543655, 32.4325954],
            [43.5435876, 32.4329322],
            [43.5435876, 32.433606],
            [43.543655, 32.4339428],
            [43.5437897, 32.4339428],
            [43.5438571, 32.4340102],
            [43.5438571, 32.4341449],
            [43.5434529, 32.4342123],
            [43.5426444, 32.4342123]
          ]
        ]
      }
    },
    {
      "type": "Feature",
      "properties": {
        "parcel_id": "P0060",
        "crop_code": 2,
        "crop_name": "冬小麦",
        "province": "全国重要农区",
        "agri_zone": "全国重要农作物优势聚集片区",
        "area_tier": "规范规整农田区 (<10万亩)",
        "area_mu": 54.0,
        "area_ha": 3.6,
        "area_m2": 36000.3,
        "perimeter_m": 896.9,
        "compactness": 0.562,
        "machinery_suitability": "优 (规整适机)",
        "dominant_purity": 1.0,
        "mean_confidence": 1.0,
        "center_lon": 43.5290969,
        "center_lat": 32.4081252,
        "center_utm_x": 361677.77,
        "center_utm_y": 3586626.46
      },
      "geometry": {
        "type": "Polygon",
        "coordinates": [
          [
            [43.5288328, 32.4096883],
            [43.5287654, 32.4088125],
            [43.5287654, 32.4070607],
            [43.5288328, 32.4061849],
            [43.5289675, 32.4061849],
            [43.5291023, 32.4063196],
            [43.529237, 32.4065891],
            [43.5293718, 32.4067239],
            [43.5295065, 32.4067239],
            [43.5295739, 32.4068586],
            [43.5295739, 32.4071281],
            [43.5296413, 32.4072629],
            [43.529776, 32.4072629],
            [43.5298434, 32.4076671],
            [43.5298434, 32.4084756],
            [43.529776, 32.4088798],
            [43.5296413, 32.4088798],
            [43.5295739, 32.4090146],
            [43.5295739, 32.4092841],
            [43.5294391, 32.4094188],
            [43.5291696, 32.4094188],
            [43.5290349, 32.4094862],
            [43.5290349, 32.4096209],
            [43.5289675, 32.4096883],
            [43.5288328, 32.4096883]
          ]
        ]
      }
    },
    {
      "type": "Feature",
      "properties": {
        "parcel_id": "P0061",
        "crop_code": 2,
        "crop_name": "冬小麦",
        "province": "全国重要农区",
        "agri_zone": "全国重要农作物优势聚集片区",
        "area_tier": "规范规整农田区 (<10万亩)",
        "area_mu": 51.3,
        "area_ha": 3.42,
        "area_m2": 34200.3,
        "perimeter_m": 733.4,
        "compactness": 0.799,
        "machinery_suitability": "优 (规整适机)",
        "dominant_purity": 1.0,
        "mean_confidence": 1.0,
        "center_lon": 43.5292828,
        "center_lat": 34.483654,
        "center_utm_x": 364951.67,
        "center_utm_y": 3816766.15
      },
      "geometry": {
        "type": "Polygon",
        "coordinates": [
          [
            [43.5290349, 34.4845271],
            [43.5287654, 34.4839208],
            [43.5287654, 34.482708],
            [43.5288328, 34.4821017],
            [43.5289675, 34.4821017],
            [43.5290349, 34.482169],
            [43.5290349, 34.4823038],
            [43.5291696, 34.4823712],
            [43.5294391, 34.4823712],
            [43.5295739, 34.4825059],
            [43.5295739, 34.4827754],
            [43.5297086, 34.4829775],
            [43.5299781, 34.4831123],
            [43.5301129, 34.483247],
            [43.5301129, 34.4833818],
            [43.5301803, 34.4834491],
            [43.530315, 34.4834491],
            [43.5303824, 34.4836513],
            [43.5303824, 34.4840555],
            [43.5302476, 34.4842576],
            [43.5299781, 34.4842576],
            [43.5298434, 34.484325],
            [43.5298434, 34.4844598],
            [43.5295739, 34.4845271],
            [43.5290349, 34.4845271]
          ]
        ]
      }
    },
    {
      "type": "Feature",
      "properties": {
        "parcel_id": "P0062",
        "crop_code": 1,
        "crop_name": "夏玉米",
        "province": "全国重要农区",
        "agri_zone": "全国重要农作物优势聚集片区",
        "area_tier": "规范规整农田区 (<10万亩)",
        "area_mu": 47.25,
        "area_ha": 3.15,
        "area_m2": 31500.3,
        "perimeter_m": 798.1,
        "compactness": 0.621,
        "machinery_suitability": "优 (规整适机)",
        "dominant_purity": 1.0,
        "mean_confidence": 1.0,
        "center_lon": 43.6233742,
        "center_lat": 34.3501868,
        "center_utm_x": 373391.18,
        "center_utm_y": 3801843.42
      },
      "geometry": {
        "type": "Polygon",
        "coordinates": [
          [
            [43.6237622, 34.3511273],
            [43.6236275, 34.3510599],
            [43.6236275, 34.3509252],
            [43.6235601, 34.3508578],
            [43.6234254, 34.3508578],
            [43.6232906, 34.3507231],
            [43.6231559, 34.3504536],
            [43.6230211, 34.3503188],
            [43.6228864, 34.3503188],
            [43.622819, 34.3502514],
            [43.622819, 34.3501167],
            [43.6227516, 34.3500493],
            [43.6226169, 34.3500493],
            [43.6225495, 34.349982],
            [43.6225495, 34.3498472],
            [43.6224821, 34.3497798],
            [43.6223474, 34.3497798],
            [43.62228, 34.3497125],
            [43.62228, 34.3495777],
            [43.6222127, 34.3495103],
            [43.6220779, 34.3495103],
            [43.6220105, 34.349443],
            [43.6220105, 34.3493082],
            [43.6222127, 34.3492408],
            [43.6226169, 34.3492408],
            [43.622819, 34.3493082],
            [43.622819, 34.349443],
            [43.6232906, 34.3495103],
            [43.6242339, 34.3495103],
            [43.6247055, 34.3495777],
            [43.6247055, 34.3497125],
            [43.6246381, 34.3497798],
            [43.6245034, 34.3497798],
            [43.624436, 34.349982],
            [43.624436, 34.3503862],
            [43.6243686, 34.3505883],
            [43.6242339, 34.3505883],
            [43.6241665, 34.3507231],
            [43.6241665, 34.3509926],
            [43.6240317, 34.3511273],
            [43.6237622, 34.3511273]
          ]
        ]
      }
    },
    {
      "type": "Feature",
      "properties": {
        "parcel_id": "P0063",
        "crop_code": 1,
        "crop_name": "夏玉米",
        "province": "全国重要农区",
        "agri_zone": "全国重要农作物优势聚集片区",
        "area_tier": "规范规整农田区 (<10万亩)",
        "area_mu": 47.25,
        "area_ha": 3.15,
        "area_m2": 31500.3,
        "perimeter_m": 734.7,
        "compactness": 0.733,
        "machinery_suitability": "优 (规整适机)",
        "dominant_purity": 1.0,
        "mean_confidence": 1.0,
        "center_lon": 43.563099,
        "center_lat": 32.436115,
        "center_utm_x": 364917.31,
        "center_utm_y": 3589686.04
      },
      "geometry": {
        "type": "Polygon",
        "coordinates": [
          [
            [43.5633281, 32.4371768],
            [43.5632607, 32.4371094],
            [43.5632607, 32.4369746],
            [43.5631933, 32.4369073],
            [43.5630586, 32.4369073],
            [43.5629912, 32.4367725],
            [43.5629912, 32.436503],
            [43.5628565, 32.4363009],
            [43.562587, 32.4361662],
            [43.5624522, 32.4360314],
            [43.5624522, 32.4358967],
            [43.5623849, 32.4358293],
            [43.5622501, 32.4358293],
            [43.5621827, 32.4356945],
            [43.5621827, 32.435425],
            [43.5623175, 32.4352903],
            [43.562587, 32.4352903],
            [43.5627891, 32.4351556],
            [43.5629238, 32.4348861],
            [43.563126, 32.4348187],
            [43.5633955, 32.4349534],
            [43.5635976, 32.4352903],
            [43.5637323, 32.4358293],
            [43.5639345, 32.4361662],
            [43.5642039, 32.4363009],
            [43.5642713, 32.436503],
            [43.5641366, 32.4367725],
            [43.5639345, 32.4369073],
            [43.563665, 32.4369073],
            [43.5635302, 32.4369746],
            [43.5635302, 32.4371094],
            [43.5634628, 32.4371768],
            [43.5633281, 32.4371768]
          ]
        ]
      }
    },
    {
      "type": "Feature",
      "properties": {
        "parcel_id": "P0064",
        "crop_code": 2,
        "crop_name": "冬小麦",
        "province": "全国重要农区",
        "agri_zone": "全国重要农作物优势聚集片区",
        "area_tier": "规范规整农田区 (<10万亩)",
        "area_mu": 44.55,
        "area_ha": 2.97,
        "area_m2": 29700.3,
        "perimeter_m": 671.2,
        "compactness": 0.828,
        "machinery_suitability": "优 (规整适机)",
        "dominant_purity": 1.0,
        "mean_confidence": 1.0,
        "center_lon": 43.52914,
        "center_lat": 34.4956087,
        "center_utm_x": 364957.84,
        "center_utm_y": 3818092.11
      },
      "geometry": {
        "type": "Polygon",
        "coordinates": [
          [
            [43.5289675, 34.4966544],
            [43.5287654, 34.496048],
            [43.5287654, 34.4948353],
            [43.5289002, 34.4942289],
            [43.5291696, 34.4942289],
            [43.5293044, 34.4942963],
            [43.5293044, 34.4944311],
            [43.5294391, 34.4944984],
            [43.5297086, 34.4944984],
            [43.5298434, 34.49497],
            [43.5298434, 34.4959133],
            [43.529776, 34.4963849],
            [43.5296413, 34.4963849],
            [43.5295739, 34.4964523],
            [43.5295739, 34.496587],
            [43.5293718, 34.4966544],
            [43.5289675, 34.4966544]
          ]
        ]
      }
    },
    {
      "type": "Feature",
      "properties": {
        "parcel_id": "P0065",
        "crop_code": 1,
        "crop_name": "夏玉米",
        "province": "全国重要农区",
        "agri_zone": "全国重要农作物优势聚集片区",
        "area_tier": "规范规整农田区 (<10万亩)",
        "area_mu": 36.45,
        "area_ha": 2.43,
        "area_m2": 24300.2,
        "perimeter_m": 699.6,
        "compactness": 0.624,
        "machinery_suitability": "优 (规整适机)",
        "dominant_purity": 1.0,
        "mean_confidence": 1.0,
        "center_lon": 43.5299539,
        "center_lat": 34.7247654,
        "center_utm_x": 365403.01,
        "center_utm_y": 3843505.0
      },
      "geometry": {
        "type": "Polygon",
        "coordinates": [
          [
            [43.5291023, 34.7254553],
            [43.5290349, 34.7253879],
            [43.5290349, 34.7252532],
            [43.5289675, 34.7251858],
            [43.5288328, 34.7251858],
            [43.5287654, 34.725051],
            [43.5287654, 34.7247815],
            [43.5289002, 34.7246468],
            [43.5291696, 34.7246468],
            [43.5293044, 34.7245794],
            [43.5293044, 34.7244447],
            [43.5295065, 34.7243773],
            [43.5299108, 34.7243773],
            [43.5301129, 34.7243099],
            [43.5301129, 34.7241752],
            [43.5302476, 34.7241078],
            [43.5305171, 34.7241078],
            [43.5306519, 34.7240404],
            [43.5306519, 34.7239057],
            [43.5307866, 34.7238383],
            [43.5310561, 34.7238383],
            [43.5311909, 34.7241078],
            [43.5311909, 34.7246468],
            [43.530854, 34.7249163],
            [43.5301803, 34.7249163],
            [43.5298434, 34.7249837],
            [43.5298434, 34.7251184],
            [43.5297086, 34.7251858],
            [43.5294391, 34.7251858],
            [43.5293044, 34.7252532],
            [43.5293044, 34.7253879],
            [43.529237, 34.7254553],
            [43.5291023, 34.7254553]
          ]
        ]
      }
    },
    {
      "type": "Feature",
      "properties": {
        "parcel_id": "P0066",
        "crop_code": 2,
        "crop_name": "冬小麦",
        "province": "全国重要农区",
        "agri_zone": "全国重要农作物优势聚集片区",
        "area_tier": "规范规整农田区 (<10万亩)",
        "area_mu": 36.45,
        "area_ha": 2.43,
        "area_m2": 24300.2,
        "perimeter_m": 728.6,
        "compactness": 0.575,
        "machinery_suitability": "优 (规整适机)",
        "dominant_purity": 1.0,
        "mean_confidence": 1.0,
        "center_lon": 43.5289945,
        "center_lat": 34.714406,
        "center_utm_x": 365298.35,
        "center_utm_y": 3842357.38
      },
      "geometry": {
        "type": "Polygon",
        "coordinates": [
          [
            [43.5288328, 34.7157535],
            [43.5287654, 34.7150124],
            [43.5287654, 34.7135302],
            [43.5288328, 34.712789],
            [43.5289675, 34.712789],
            [43.5291023, 34.7129238],
            [43.529237, 34.7131933],
            [43.5293718, 34.713328],
            [43.5295065, 34.713328],
            [43.5295739, 34.7137996],
            [43.5295739, 34.7147429],
            [43.5294391, 34.7152819],
            [43.5291696, 34.7154166],
            [43.5290349, 34.7155514],
            [43.5290349, 34.7156861],
            [43.5289675, 34.7157535],
            [43.5288328, 34.7157535]
          ]
        ]
      }
    },
    {
      "type": "Feature",
      "properties": {
        "parcel_id": "P0067",
        "crop_code": 1,
        "crop_name": "夏玉米",
        "province": "全国重要农区",
        "agri_zone": "全国重要农作物优势聚集片区",
        "area_tier": "规范规整农田区 (<10万亩)",
        "area_mu": 35.1,
        "area_ha": 2.34,
        "area_m2": 23400.2,
        "perimeter_m": 695.8,
        "compactness": 0.607,
        "machinery_suitability": "优 (规整适机)",
        "dominant_purity": 1.0,
        "mean_confidence": 1.0,
        "center_lon": 43.5591348,
        "center_lat": 34.7427353,
        "center_utm_x": 368103.56,
        "center_utm_y": 3845459.25
      },
      "geometry": {
        "type": "Polygon",
        "coordinates": [
          [
            [43.5598247, 34.7435114],
            [43.5597573, 34.743444],
            [43.5597573, 34.7433093],
            [43.5596225, 34.7432419],
            [43.559353, 34.7432419],
            [43.5592183, 34.7431746],
            [43.5592183, 34.7430398],
            [43.5590835, 34.7429724],
            [43.5588141, 34.7429724],
            [43.5586793, 34.7429051],
            [43.5586793, 34.7427703],
            [43.5585446, 34.7427029],
            [43.5582751, 34.7427029],
            [43.5580729, 34.7425682],
            [43.5579382, 34.7422987],
            [43.5584098, 34.742164],
            [43.5594878, 34.742164],
            [43.5600268, 34.7420966],
            [43.5600268, 34.7419618],
            [43.5600942, 34.7418945],
            [43.5602289, 34.7418945],
            [43.5602963, 34.7420292],
            [43.5602963, 34.7422987],
            [43.5602289, 34.7424334],
            [43.5600942, 34.7424334],
            [43.5600268, 34.7427029],
            [43.5600268, 34.7432419],
            [43.5599594, 34.7435114],
            [43.5598247, 34.7435114]
          ]
        ]
      }
    },
    {
      "type": "Feature",
      "properties": {
        "parcel_id": "P0068",
        "crop_code": 2,
        "crop_name": "冬小麦",
        "province": "全国重要农区",
        "agri_zone": "全国重要农作物优势聚集片区",
        "area_tier": "规范规整农田区 (<10万亩)",
        "area_mu": 32.4,
        "area_ha": 2.16,
        "area_m2": 21600.2,
        "perimeter_m": 668.6,
        "compactness": 0.607,
        "machinery_suitability": "优 (规整适机)",
        "dominant_purity": 1.0,
        "mean_confidence": 1.0,
        "center_lon": 43.7488077,
        "center_lat": 32.39098,
        "center_utm_x": 382318.43,
        "center_utm_y": 3584462.61
      },
      "geometry": {
        "type": "Polygon",
        "coordinates": [
          [
            [43.7488077, 32.3913627],
            [43.748673, 32.3912953],
            [43.748673, 32.3911606],
            [43.7484035, 32.3910932],
            [43.7478645, 32.3910932],
            [43.7475276, 32.3909584],
            [43.7473929, 32.3906889],
            [43.748134, 32.3905542],
            [43.749751, 32.3905542],
            [43.7504921, 32.3906889],
            [43.7503573, 32.3909584],
            [43.7500205, 32.3910932],
            [43.7494815, 32.3910932],
            [43.749212, 32.3911606],
            [43.749212, 32.3912953],
            [43.7490772, 32.3913627],
            [43.7488077, 32.3913627]
          ]
        ]
      }
    },
    {
      "type": "Feature",
      "properties": {
        "parcel_id": "P0069",
        "crop_code": 2,
        "crop_name": "冬小麦",
        "province": "全国重要农区",
        "agri_zone": "全国重要农作物优势聚集片区",
        "area_tier": "规范规整农田区 (<10万亩)",
        "area_mu": 28.35,
        "area_ha": 1.89,
        "area_m2": 18900.2,
        "perimeter_m": 519.7,
        "compactness": 0.879,
        "machinery_suitability": "优 (规整适机)",
        "dominant_purity": 1.0,
        "mean_confidence": 1.0,
        "center_lon": 43.695685,
        "center_lat": 32.3911201,
        "center_utm_x": 377321.78,
        "center_utm_y": 3584537.85
      },
      "geometry": {
        "type": "Polygon",
        "coordinates": [
          [
            [43.6959868, 32.3916322],
            [43.6958521, 32.3915648],
            [43.6958521, 32.3914301],
            [43.6957173, 32.3913627],
            [43.6954478, 32.3913627],
            [43.6953131, 32.3912953],
            [43.6953131, 32.3911606],
            [43.6951783, 32.3910932],
            [43.6949088, 32.3910932],
            [43.6947741, 32.3909584],
            [43.6947741, 32.3906889],
            [43.6952457, 32.3905542],
            [43.6961889, 32.3905542],
            [43.6966605, 32.3907563],
            [43.6966605, 32.3911606],
            [43.6965932, 32.3913627],
            [43.6964584, 32.3913627],
            [43.696391, 32.3914301],
            [43.696391, 32.3915648],
            [43.6962563, 32.3916322],
            [43.6959868, 32.3916322]
          ]
        ]
      }
    },
    {
      "type": "Feature",
      "properties": {
        "parcel_id": "P0070",
        "crop_code": 1,
        "crop_name": "夏玉米",
        "province": "全国重要农区",
        "agri_zone": "全国重要农作物优势聚集片区",
        "area_tier": "规范规整农田区 (<10万亩)",
        "area_mu": 27.0,
        "area_ha": 1.8,
        "area_m2": 18000.2,
        "perimeter_m": 666.1,
        "compactness": 0.51,
        "machinery_suitability": "优 (规整适机)",
        "dominant_purity": 1.0,
        "mean_confidence": 1.0,
        "center_lon": 43.563382,
        "center_lat": 34.3702479,
        "center_utm_x": 367904.75,
        "center_utm_y": 3804144.6
      },
      "geometry": {
        "type": "Polygon",
        "coordinates": [
          [
            [43.5631933, 34.3713394],
            [43.5629912, 34.371272],
            [43.5629912, 34.3711373],
            [43.5630586, 34.3710699],
            [43.5631933, 34.3710699],
            [43.5632607, 34.3705309],
            [43.5632607, 34.3694529],
            [43.5633955, 34.3688466],
            [43.563665, 34.3687118],
            [43.5637997, 34.3693182],
            [43.5637997, 34.3706657],
            [43.5635976, 34.3713394],
            [43.5631933, 34.3713394]
          ]
        ]
      }
    },
    {
      "type": "Feature",
      "properties": {
        "parcel_id": "P0071",
        "crop_code": 1,
        "crop_name": "夏玉米",
        "province": "全国重要农区",
        "agri_zone": "全国重要农作物优势聚集片区",
        "area_tier": "规范规整农田区 (<10万亩)",
        "area_mu": 25.65,
        "area_ha": 1.71,
        "area_m2": 17100.2,
        "perimeter_m": 581.0,
        "compactness": 0.637,
        "machinery_suitability": "优 (规整适机)",
        "dominant_purity": 1.0,
        "mean_confidence": 1.0,
        "center_lon": 43.5927785,
        "center_lat": 34.4033958,
        "center_utm_x": 370658.92,
        "center_utm_y": 3807782.73
      },
      "geometry": {
        "type": "Polygon",
        "coordinates": [
          [
            [43.5927704, 34.4044199],
            [43.5926356, 34.404083],
            [43.5926356, 34.4032745],
            [43.5925683, 34.4028703],
            [43.5924335, 34.4028703],
            [43.5923661, 34.4027355],
            [43.5923661, 34.402466],
            [43.5925009, 34.4023313],
            [43.5927704, 34.4023313],
            [43.5929051, 34.4023987],
            [43.5929051, 34.4025334],
            [43.5930399, 34.4026008],
            [43.5933094, 34.4026008],
            [43.5934441, 34.4028029],
            [43.5934441, 34.4032071],
            [43.5933767, 34.4034093],
            [43.593242, 34.4034093],
            [43.5931746, 34.4036114],
            [43.5931746, 34.4040156],
            [43.5930399, 34.4042851],
            [43.5927704, 34.4044199]
          ]
        ]
      }
    },
    {
      "type": "Feature",
      "properties": {
        "parcel_id": "P0072",
        "crop_code": 1,
        "crop_name": "夏玉米",
        "province": "全国重要农区",
        "agri_zone": "全国重要农作物优势聚集片区",
        "area_tier": "规范规整农田区 (<10万亩)",
        "area_mu": 21.6,
        "area_ha": 1.44,
        "area_m2": 14400.1,
        "perimeter_m": 572.1,
        "compactness": 0.553,
        "machinery_suitability": "优 (规整适机)",
        "dominant_purity": 1.0,
        "mean_confidence": 1.0,
        "center_lon": 43.563479,
        "center_lat": 34.7399568,
        "center_utm_x": 368496.86,
        "center_utm_y": 3845145.41
      },
      "geometry": {
        "type": "Polygon",
        "coordinates": [
          [
            [43.5641366, 34.740547],
            [43.5640692, 34.7404796],
            [43.5640692, 34.7403449],
            [43.5637323, 34.7402775],
            [43.5630586, 34.7402775],
            [43.5627217, 34.7402101],
            [43.5627217, 34.7400754],
            [43.5628565, 34.7399406],
            [43.563126, 34.7398059],
            [43.5632607, 34.7396711],
            [43.5632607, 34.7395364],
            [43.5633281, 34.739469],
            [43.5634628, 34.739469],
            [43.5635302, 34.7394016],
            [43.5635302, 34.7392669],
            [43.5635976, 34.7391995],
            [43.5637323, 34.7391995],
            [43.5637997, 34.7391321],
            [43.5637997, 34.7389974],
            [43.5638671, 34.73893],
            [43.5640018, 34.73893],
            [43.5640692, 34.7392669],
            [43.5640692, 34.7399406],
            [43.5641366, 34.7402775],
            [43.5642713, 34.7402775],
            [43.5643387, 34.7403449],
            [43.5643387, 34.7404796],
            [43.5642713, 34.740547],
            [43.5641366, 34.740547]
          ]
        ]
      }
    },
    {
      "type": "Feature",
      "properties": {
        "parcel_id": "P0073",
        "crop_code": 2,
        "crop_name": "冬小麦",
        "province": "全国重要农区",
        "agri_zone": "全国重要农作物优势聚集片区",
        "area_tier": "规范规整农田区 (<10万亩)",
        "area_mu": 16.2,
        "area_ha": 1.08,
        "area_m2": 10800.1,
        "perimeter_m": 450.7,
        "compactness": 0.668,
        "machinery_suitability": "优 (规整适机)",
        "dominant_purity": 1.0,
        "mean_confidence": 1.0,
        "center_lon": 43.5288786,
        "center_lat": 34.7704609,
        "center_utm_x": 365378.73,
        "center_utm_y": 3848574.27
      },
      "geometry": {
        "type": "Polygon",
        "coordinates": [
          [
            [43.5289002, 34.771202],
            [43.5287654, 34.7707977],
            [43.5287654, 34.7698545],
            [43.5288328, 34.7693829],
            [43.5289675, 34.7693829],
            [43.5290349, 34.7694503],
            [43.5290349, 34.769585],
            [43.5291023, 34.7696524],
            [43.529237, 34.7696524],
            [43.5293044, 34.7699893],
            [43.5293044, 34.770663],
            [43.5291696, 34.7710672],
            [43.5289002, 34.771202]
          ]
        ]
      }
    },
    {
      "type": "Feature",
      "properties": {
        "parcel_id": "P0074",
        "crop_code": 1,
        "crop_name": "夏玉米",
        "province": "全国重要农区",
        "agri_zone": "全国重要农作物优势聚集片区",
        "area_tier": "规范规整农田区 (<10万亩)",
        "area_mu": 16.2,
        "area_ha": 1.08,
        "area_m2": 10800.1,
        "perimeter_m": 420.9,
        "compactness": 0.766,
        "machinery_suitability": "优 (规整适机)",
        "dominant_purity": 1.0,
        "mean_confidence": 1.0,
        "center_lon": 43.738858,
        "center_lat": 32.3910716,
        "center_utm_x": 381382.67,
        "center_utm_y": 3584483.76
      },
      "geometry": {
        "type": "Polygon",
        "coordinates": [
          [
            [43.7393081, 32.3916322],
            [43.7391733, 32.3914974],
            [43.7390386, 32.3912279],
            [43.7388364, 32.3910932],
            [43.7385669, 32.3910932],
            [43.7384322, 32.3910258],
            [43.7384322, 32.3908911],
            [43.7383648, 32.3908237],
            [43.7382301, 32.3908237],
            [43.7381627, 32.3907563],
            [43.7381627, 32.3906216],
            [43.7384996, 32.3905542],
            [43.7391733, 32.3905542],
            [43.7395102, 32.3908237],
            [43.7395102, 32.3913627],
            [43.7394428, 32.3916322],
            [43.7393081, 32.3916322]
          ]
        ]
      }
    },
    {
      "type": "Feature",
      "properties": {
        "parcel_id": "P0075",
        "crop_code": 1,
        "crop_name": "夏玉米",
        "province": "全国重要农区",
        "agri_zone": "全国重要农作物优势聚集片区",
        "area_tier": "规范规整农田区 (<10万亩)",
        "area_mu": 14.85,
        "area_ha": 0.99,
        "area_m2": 9900.1,
        "perimeter_m": 507.8,
        "compactness": 0.482,
        "machinery_suitability": "优 (规整适机)",
        "dominant_purity": 1.0,
        "mean_confidence": 1.0,
        "center_lon": 43.5478025,
        "center_lat": 32.4709606,
        "center_utm_x": 363531.72,
        "center_utm_y": 3593568.68
      },
      "geometry": {
        "type": "Polygon",
        "coordinates": [
          [
            [43.54763, 32.4714026],
            [43.5473605, 32.4713352],
            [43.5473605, 32.4712005],
            [43.5474279, 32.4711331],
            [43.5475627, 32.4711331],
            [43.54763, 32.4709983],
            [43.54763, 32.4707288],
            [43.5476974, 32.4705941],
            [43.5478321, 32.4705941],
            [43.5478995, 32.470392],
            [43.5478995, 32.4699877],
            [43.5479669, 32.4697856],
            [43.5481016, 32.4697856],
            [43.548169, 32.4701225],
            [43.548169, 32.4707962],
            [43.5482364, 32.4711331],
            [43.5483711, 32.4711331],
            [43.5484385, 32.4712005],
            [43.5484385, 32.4713352],
            [43.548169, 32.4714026],
            [43.54763, 32.4714026]
          ]
        ]
      }
    },
    {
      "type": "Feature",
      "properties": {
        "parcel_id": "P0076",
        "crop_code": 1,
        "crop_name": "夏玉米",
        "province": "全国重要农区",
        "agri_zone": "全国重要农作物优势聚集片区",
        "area_tier": "规范规整农田区 (<10万亩)",
        "area_mu": 13.5,
        "area_ha": 0.9,
        "area_m2": 9000.1,
        "perimeter_m": 374.8,
        "compactness": 0.805,
        "machinery_suitability": "优 (规整适机)",
        "dominant_purity": 1.0,
        "mean_confidence": 1.0,
        "center_lon": 43.5290349,
        "center_lat": 32.4177732,
        "center_utm_x": 361686.66,
        "center_utm_y": 3587696.17
      },
      "geometry": {
        "type": "Polygon",
        "coordinates": [
          [
            [43.5288328, 32.4183121],
            [43.5287654, 32.4180426],
            [43.5287654, 32.4175037],
            [43.5290349, 32.4172342],
            [43.5295739, 32.4172342],
            [43.5298434, 32.4173015],
            [43.5298434, 32.4174363],
            [43.5297086, 32.417571],
            [43.5294391, 32.4177058],
            [43.5293044, 32.4178405],
            [43.5293044, 32.4179753],
            [43.529237, 32.4180426],
            [43.5291023, 32.4180426],
            [43.5290349, 32.41811],
            [43.5290349, 32.4182448],
            [43.5289675, 32.4183121],
            [43.5288328, 32.4183121]
          ]
        ]
      }
    },
    {
      "type": "Feature",
      "properties": {
        "parcel_id": "P0077",
        "crop_code": 1,
        "crop_name": "夏玉米",
        "province": "全国重要农区",
        "agri_zone": "全国重要农作物优势聚集片区",
        "area_tier": "规范规整农田区 (<10万亩)",
        "area_mu": 13.5,
        "area_ha": 0.9,
        "area_m2": 9000.1,
        "perimeter_m": 406.5,
        "compactness": 0.684,
        "machinery_suitability": "优 (规整适机)",
        "dominant_purity": 1.0,
        "mean_confidence": 1.0,
        "center_lon": 43.5790261,
        "center_lat": 34.3419106,
        "center_utm_x": 369299.32,
        "center_utm_y": 3800981.82
      },
      "geometry": {
        "type": "Polygon",
        "coordinates": [
          [
            [43.5792283, 34.3425035],
            [43.5791609, 34.3423687],
            [43.5791609, 34.3420992],
            [43.5790935, 34.3419645],
            [43.5789588, 34.3419645],
            [43.5788914, 34.3418971],
            [43.5788914, 34.3417624],
            [43.5787567, 34.341695],
            [43.5784872, 34.341695],
            [43.5783524, 34.3416276],
            [43.5783524, 34.3414929],
            [43.5786893, 34.3414255],
            [43.579363, 34.3414255],
            [43.5796325, 34.341695],
            [43.5794978, 34.342234],
            [43.579363, 34.3425035],
            [43.5792283, 34.3425035]
          ]
        ]
      }
    },
    {
      "type": "Feature",
      "properties": {
        "parcel_id": "P0078",
        "crop_code": 1,
        "crop_name": "夏玉米",
        "province": "全国重要农区",
        "agri_zone": "全国重要农作物优势聚集片区",
        "area_tier": "规范规整农田区 (<10万亩)",
        "area_mu": 13.5,
        "area_ha": 0.9,
        "area_m2": 9000.1,
        "perimeter_m": 456.8,
        "compactness": 0.542,
        "machinery_suitability": "优 (规整适机)",
        "dominant_purity": 1.0,
        "mean_confidence": 1.0,
        "center_lon": 43.5563886,
        "center_lat": 34.7305218,
        "center_utm_x": 367832.71,
        "center_utm_y": 3844108.34
      },
      "geometry": {
        "type": "Polygon",
        "coordinates": [
          [
            [43.5563212, 34.7311147],
            [43.5562539, 34.7307104],
            [43.5562539, 34.7299019],
            [43.5563212, 34.7294977],
            [43.556456, 34.7294977],
            [43.5565233, 34.7296325],
            [43.5565233, 34.7299019],
            [43.5565907, 34.7300367],
            [43.5567255, 34.7300367],
            [43.5567928, 34.7301714],
            [43.5567928, 34.7304409],
            [43.5568602, 34.7305757],
            [43.556995, 34.7305757],
            [43.5570623, 34.7306431],
            [43.5570623, 34.7307778],
            [43.5569276, 34.7308452],
            [43.5566581, 34.7308452],
            [43.5565233, 34.7309126],
            [43.5565233, 34.7310473],
            [43.556456, 34.7311147],
            [43.5563212, 34.7311147]
          ]
        ]
      }
    },
    {
      "type": "Feature",
      "properties": {
        "parcel_id": "P0079",
        "crop_code": 1,
        "crop_name": "夏玉米",
        "province": "全国重要农区",
        "agri_zone": "全国重要农作物优势聚集片区",
        "area_tier": "规范规整农田区 (<10万亩)",
        "area_mu": 9.45,
        "area_ha": 0.63,
        "area_m2": 6300.1,
        "perimeter_m": 376.6,
        "compactness": 0.558,
        "machinery_suitability": "优 (规整适机)",
        "dominant_purity": 1.0,
        "mean_confidence": 1.0,
        "center_lon": 43.579584,
        "center_lat": 32.4041448,
        "center_utm_x": 366420.08,
        "center_utm_y": 3586120.95
      },
      "geometry": {
        "type": "Polygon",
        "coordinates": [
          [
            [43.5797673, 32.4045679],
            [43.5796325, 32.4044332],
            [43.5794978, 32.4041637],
            [43.579363, 32.4040289],
            [43.5792283, 32.4040289],
            [43.5791609, 32.4039616],
            [43.5791609, 32.4038268],
            [43.579363, 32.4037594],
            [43.5797673, 32.4037594],
            [43.5799694, 32.4036921],
            [43.5799694, 32.4035573],
            [43.5800368, 32.4034899],
            [43.5801715, 32.4034899],
            [43.5802389, 32.4035573],
            [43.5802389, 32.4036921],
            [43.5801715, 32.4037594],
            [43.5800368, 32.4037594],
            [43.5799694, 32.4039616],
            [43.5799694, 32.4043658],
            [43.579902, 32.4045679],
            [43.5797673, 32.4045679]
          ]
        ]
      }
    },
    {
      "type": "Feature",
      "properties": {
        "parcel_id": "P0080",
        "crop_code": 1,
        "crop_name": "夏玉米",
        "province": "全国重要农区",
        "agri_zone": "全国重要农作物优势聚集片区",
        "area_tier": "规范规整农田区 (<10万亩)",
        "area_mu": 9.45,
        "area_ha": 0.63,
        "area_m2": 6300.1,
        "perimeter_m": 283.8,
        "compactness": 0.983,
        "machinery_suitability": "优 (规整适机)",
        "dominant_purity": 1.0,
        "mean_confidence": 1.0,
        "center_lon": 43.5918649,
        "center_lat": 34.3944378,
        "center_utm_x": 370561.15,
        "center_utm_y": 3806790.47
      },
      "geometry": {
        "type": "Polygon",
        "coordinates": [
          [
            [43.592164, 34.3947854],
            [43.5920966, 34.3947181],
            [43.5920966, 34.3945833],
            [43.5919619, 34.3945159],
            [43.5916924, 34.3945159],
            [43.5915576, 34.3943812],
            [43.5915576, 34.3941117],
            [43.5917598, 34.3939769],
            [43.592164, 34.3939769],
            [43.5923661, 34.3941791],
            [43.5923661, 34.3945833],
            [43.5922988, 34.3947854],
            [43.592164, 34.3947854]
          ]
        ]
      }
    },
    {
      "type": "Feature",
      "properties": {
        "parcel_id": "P0081",
        "crop_code": 1,
        "crop_name": "夏玉米",
        "province": "全国重要农区",
        "agri_zone": "全国重要农作物优势聚集片区",
        "area_tier": "规范规整农田区 (<10万亩)",
        "area_mu": 8.1,
        "area_ha": 0.54,
        "area_m2": 5400.0,
        "perimeter_m": 276.5,
        "compactness": 0.888,
        "machinery_suitability": "优 (规整适机)",
        "dominant_purity": 1.0,
        "mean_confidence": 1.0,
        "center_lon": 43.5394994,
        "center_lat": 34.3773572,
        "center_utm_x": 365719.95,
        "center_utm_y": 3804964.35
      },
      "geometry": {
        "type": "Polygon",
        "coordinates": [
          [
            [43.5396799, 34.3775378],
            [43.5395452, 34.3774704],
            [43.5395452, 34.3773357],
            [43.5394104, 34.3772683],
            [43.5391409, 34.3772683],
            [43.5390062, 34.3772009],
            [43.5390062, 34.3770662],
            [43.5392757, 34.3769988],
            [43.5398147, 34.3769988],
            [43.5400842, 34.3771335],
            [43.5400842, 34.377403],
            [43.5399494, 34.3775378],
            [43.5396799, 34.3775378]
          ]
        ]
      }
    },
    {
      "type": "Feature",
      "properties": {
        "parcel_id": "P0082",
        "crop_code": 1,
        "crop_name": "夏玉米",
        "province": "全国重要农区",
        "agri_zone": "全国重要农作物优势聚集片区",
        "area_tier": "规范规整农田区 (<10万亩)",
        "area_mu": 4.05,
        "area_ha": 0.27,
        "area_m2": 2700.0,
        "perimeter_m": 166.4,
        "compactness": 1.0,
        "machinery_suitability": "良 (基本适机)",
        "dominant_purity": 1.0,
        "mean_confidence": 1.0,
        "center_lon": 43.6274894,
        "center_lat": 34.3451095,
        "center_utm_x": 373762.07,
        "center_utm_y": 3801275.25
      },
      "geometry": {
        "type": "Polygon",
        "coordinates": [
          [
            [43.6275352, 34.3451984],
            [43.6274004, 34.3450637],
            [43.6274004, 34.3447942],
            [43.6275352, 34.3447268],
            [43.6278047, 34.3448616],
            [43.6279394, 34.3449963],
            [43.6279394, 34.3451311],
            [43.6278047, 34.3451984],
            [43.6275352, 34.3451984]
          ]
        ]
      }
    },
    {
      "type": "Feature",
      "properties": {
        "parcel_id": "P0083",
        "crop_code": 1,
        "crop_name": "夏玉米",
        "province": "全国重要农区",
        "agri_zone": "全国重要农作物优势聚集片区",
        "area_tier": "规范规整农田区 (<10万亩)",
        "area_mu": 2.7,
        "area_ha": 0.18,
        "area_m2": 1800.0,
        "perimeter_m": 149.3,
        "compactness": 1.0,
        "machinery_suitability": "良 (基本适机)",
        "dominant_purity": 1.0,
        "mean_confidence": 1.0,
        "center_lon": 43.5821253,
        "center_lat": 34.3941117,
        "center_utm_x": 369665.29,
        "center_utm_y": 3806766.79
      },
      "geometry": {
        "type": "Polygon",
        "coordinates": [
          [
            [43.5821927, 34.3942464],
            [43.5821253, 34.3941117],
            [43.5821253, 34.3938422],
            [43.5821927, 34.3937075],
            [43.5823275, 34.3937075],
            [43.5823948, 34.3938422],
            [43.5823948, 34.3941117],
            [43.5823275, 34.3942464],
            [43.5821927, 34.3942464]
          ]
        ]
      }
    },
    {
      "type": "Feature",
      "properties": {
        "parcel_id": "P0084",
        "crop_code": 1,
        "crop_name": "夏玉米",
        "province": "全国重要农区",
        "agri_zone": "全国重要农作物优势聚集片区",
        "area_tier": "规范规整农田区 (<10万亩)",
        "area_mu": 2.7,
        "area_ha": 0.18,
        "area_m2": 1800.0,
        "perimeter_m": 149.3,
        "compactness": 1.0,
        "machinery_suitability": "良 (基本适机)",
        "dominant_purity": 1.0,
        "mean_confidence": 1.0,
        "center_lon": 43.6112308,
        "center_lat": 34.380637,
        "center_utm_x": 372320.48,
        "center_utm_y": 3805235.46
      },
      "geometry": {
        "type": "Polygon",
        "coordinates": [
          [
            [43.6112981, 34.3807717],
            [43.6112308, 34.380637],
            [43.6112308, 34.3803675],
            [43.6112981, 34.3802327],
            [43.6114329, 34.3802327],
            [43.6115002, 34.3803675],
            [43.6115002, 34.380637],
            [43.6114329, 34.3807717],
            [43.6112981, 34.3807717]
          ]
        ]
      }
    },
    {
      "type": "Feature",
      "properties": {
        "parcel_id": "P0085",
        "crop_code": 1,
        "crop_name": "夏玉米",
        "province": "全国重要农区",
        "agri_zone": "全国重要农作物优势聚集片区",
        "area_tier": "规范规整农田区 (<10万亩)",
        "area_mu": 1.35,
        "area_ha": 0.09,
        "area_m2": 900.0,
        "perimeter_m": 93.5,
        "compactness": 1.0,
        "machinery_suitability": "中/碎 (建议并块平整)",
        "dominant_purity": 1.0,
        "mean_confidence": 1.0,
        "center_lon": 43.6088053,
        "center_lat": 34.342234,
        "center_utm_x": 372039.09,
        "center_utm_y": 3800979.75
      },
      "geometry": {
        "type": "Polygon",
        "coordinates": [
          [
            [43.6088727, 34.342234],
            [43.6088053, 34.3421666],
            [43.6088053, 34.3420319],
            [43.6088727, 34.3419645],
            [43.6090074, 34.3419645],
            [43.6090748, 34.3420319],
            [43.6090748, 34.3421666],
            [43.6090074, 34.342234],
            [43.6088727, 34.342234]
          ]
        ]
      }
    },
    {
      "type": "Feature",
      "properties": {
        "parcel_id": "P0086",
        "crop_code": 1,
        "crop_name": "夏玉米",
        "province": "全国重要农区",
        "agri_zone": "全国重要农作物优势聚集片区",
        "area_tier": "规范规整农田区 (<10万亩)",
        "area_mu": 1.35,
        "area_ha": 0.09,
        "area_m2": 900.0,
        "perimeter_m": 93.5,
        "compactness": 1.0,
        "machinery_suitability": "中/碎 (建议并块平整)",
        "dominant_purity": 1.0,
        "mean_confidence": 1.0,
        "center_lon": 43.597217,
        "center_lat": 34.4012533,
        "center_utm_x": 371063.62,
        "center_utm_y": 3807539.48
      },
      "geometry": {
        "type": "Polygon",
        "coordinates": [
          [
            [43.5972844, 34.4012533],
            [43.597217, 34.4011859],
            [43.597217, 34.4010512],
            [43.5972844, 34.4009838],
            [43.5974192, 34.4009838],
            [43.5974865, 34.4010512],
            [43.5974865, 34.4011859],
            [43.5974192, 34.4012533],
            [43.5972844, 34.4012533]
          ]
        ]
      }
    },
    {
      "type": "Feature",
      "properties": {
        "parcel_id": "P0087",
        "crop_code": 1,
        "crop_name": "夏玉米",
        "province": "全国重要农区",
        "agri_zone": "全国重要农作物优势聚集片区",
        "area_tier": "规范规整农田区 (<10万亩)",
        "area_mu": 1.35,
        "area_ha": 0.09,
        "area_m2": 900.0,
        "perimeter_m": 93.3,
        "compactness": 1.0,
        "machinery_suitability": "中/碎 (建议并块平整)",
        "dominant_purity": 1.0,
        "mean_confidence": 1.0,
        "center_lon": 43.5602963,
        "center_lat": 34.7448589,
        "center_utm_x": 368213.27,
        "center_utm_y": 3845693.24
      },
      "geometry": {
        "type": "Polygon",
        "coordinates": [
          [
            [43.5603636, 34.7448589],
            [43.5602963, 34.7447915],
            [43.5602963, 34.7446568],
            [43.5603636, 34.7445894],
            [43.5604984, 34.7445894],
            [43.5605658, 34.7446568],
            [43.5605658, 34.7447915],
            [43.5604984, 34.7448589],
            [43.5603636, 34.7448589]
          ]
        ]
      }
    },
    {
      "type": "Feature",
      "properties": {
        "parcel_id": "P0088",
        "crop_code": 1,
        "crop_name": "夏玉米",
        "province": "全国重要农区",
        "agri_zone": "全国重要农作物优势聚集片区",
        "area_tier": "规范规整农田区 (<10万亩)",
        "area_mu": 1.35,
        "area_ha": 0.09,
        "area_m2": 900.0,
        "perimeter_m": 93.5,
        "compactness": 1.0,
        "machinery_suitability": "中/碎 (建议并块平整)",
        "dominant_purity": 1.0,
        "mean_confidence": 1.0,
        "center_lon": 43.5778134,
        "center_lat": 34.3414255,
        "center_utm_x": 369187.02,
        "center_utm_y": 3800929.59
      },
      "geometry": {
        "type": "Polygon",
        "coordinates": [
          [
            [43.5778808, 34.3414255],
            [43.5778134, 34.3413581],
            [43.5778134, 34.3412234],
            [43.5778808, 34.341156],
            [43.5780155, 34.341156],
            [43.5780829, 34.3412234],
            [43.5780829, 34.3413581],
            [43.5780155, 34.3414255],
            [43.5778808, 34.3414255]
          ]
        ]
      }
    },
    {
      "type": "Feature",
      "properties": {
        "parcel_id": "P0089",
        "crop_code": 1,
        "crop_name": "夏玉米",
        "province": "全国重要农区",
        "agri_zone": "全国重要农作物优势聚集片区",
        "area_tier": "规范规整农田区 (<10万亩)",
        "area_mu": 1.35,
        "area_ha": 0.09,
        "area_m2": 900.0,
        "perimeter_m": 94.4,
        "compactness": 1.0,
        "machinery_suitability": "中/碎 (建议并块平整)",
        "dominant_purity": 1.0,
        "mean_confidence": 1.0,
        "center_lon": 43.5360418,
        "center_lat": 32.4789484,
        "center_utm_x": 362438.57,
        "center_utm_y": 3594469.36
      },
      "geometry": {
        "type": "Polygon",
        "coordinates": [
          [
            [43.5361091, 32.4789484],
            [43.5360418, 32.478881],
            [43.5360418, 32.4787463],
            [43.5361091, 32.4786789],
            [43.5362439, 32.4786789],
            [43.5363113, 32.4787463],
            [43.5363113, 32.478881],
            [43.5362439, 32.4789484],
            [43.5361091, 32.4789484]
          ]
        ]
      }
    },
    {
      "type": "Feature",
      "properties": {
        "parcel_id": "P0090",
        "crop_code": 1,
        "crop_name": "夏玉米",
        "province": "全国重要农区",
        "agri_zone": "全国重要农作物优势聚集片区",
        "area_tier": "规范规整农田区 (<10万亩)",
        "area_mu": 1.35,
        "area_ha": 0.09,
        "area_m2": 900.0,
        "perimeter_m": 93.5,
        "compactness": 1.0,
        "machinery_suitability": "中/碎 (建议并块平整)",
        "dominant_purity": 1.0,
        "mean_confidence": 1.0,
        "center_lon": 43.5772744,
        "center_lat": 34.341156,
        "center_utm_x": 369137.02,
        "center_utm_y": 3800900.39
      },
      "geometry": {
        "type": "Polygon",
        "coordinates": [
          [
            [43.5773418, 34.341156],
            [43.5772744, 34.3410886],
            [43.5772744, 34.3409539],
            [43.5773418, 34.3408865],
            [43.5774766, 34.3408865],
            [43.5775439, 34.3409539],
            [43.5775439, 34.3410886],
            [43.5774766, 34.341156],
            [43.5773418, 34.341156]
          ]
        ]
      }
    },
    {
      "type": "Feature",
      "properties": {
        "parcel_id": "P0091",
        "crop_code": 1,
        "crop_name": "夏玉米",
        "province": "全国重要农区",
        "agri_zone": "全国重要农作物优势聚集片区",
        "area_tier": "规范规整农田区 (<10万亩)",
        "area_mu": 1.35,
        "area_ha": 0.09,
        "area_m2": 900.0,
        "perimeter_m": 93.5,
        "compactness": 1.0,
        "machinery_suitability": "中/碎 (建议并块平整)",
        "dominant_purity": 1.0,
        "mean_confidence": 1.0,
        "center_lon": 43.6082663,
        "center_lat": 34.3419645,
        "center_utm_x": 371989.1,
        "center_utm_y": 3800950.55
      },
      "geometry": {
        "type": "Polygon",
        "coordinates": [
          [
            [43.6083337, 34.3419645],
            [43.6082663, 34.3418971],
            [43.6082663, 34.3417624],
            [43.6083337, 34.341695],
            [43.6084684, 34.341695],
            [43.6085358, 34.3417624],
            [43.6085358, 34.3418971],
            [43.6084684, 34.3419645],
            [43.6083337, 34.3419645]
          ]
        ]
      }
    },
    {
      "type": "Feature",
      "properties": {
        "parcel_id": "P0092",
        "crop_code": 1,
        "crop_name": "夏玉米",
        "province": "全国重要农区",
        "agri_zone": "全国重要农作物优势聚集片区",
        "area_tier": "规范规整农田区 (<10万亩)",
        "area_mu": 1.35,
        "area_ha": 0.09,
        "area_m2": 900.0,
        "perimeter_m": 94.4,
        "compactness": 1.0,
        "machinery_suitability": "中/碎 (建议并块平整)",
        "dominant_purity": 1.0,
        "mean_confidence": 1.0,
        "center_lon": 43.5635302,
        "center_lat": 32.4730195,
        "center_utm_x": 365012.91,
        "center_utm_y": 3593776.93
      },
      "geometry": {
        "type": "Polygon",
        "coordinates": [
          [
            [43.5635976, 32.4730195],
            [43.5635302, 32.4729522],
            [43.5635302, 32.4728174],
            [43.5635976, 32.47275],
            [43.5637323, 32.47275],
            [43.5637997, 32.4728174],
            [43.5637997, 32.4729522],
            [43.5637323, 32.4730195],
            [43.5635976, 32.4730195]
          ]
        ]
      }
    }
  ]
}